x,y,z,t,curve,mode
-0.7486670017242432,0.21939045190811157,1.1345264911651611,5.0998148918151855,3,0.1
-0.7491843700408936,0.21955925226211548,1.1355289220809937,5.5057008266448975,3,0.1
-0.7539733052253723,0.21811072528362274,1.1505684852600098,5.605981349945068,3,0.1
-0.7534400820732117,0.2185133397579193,1.1523208618164062,5.706264972686768,3,0.1
-0.7530044317245483,0.21923279762268066,1.1526987552642822,5.807514905929565,3,0.1
-0.7513957619667053,0.22684212028980255,1.1538814306259155,5.907771825790405,3,0.1
-0.7503190040588379,0.2346954643726349,1.1542491912841797,6.0079851150512695,3,0.1
-0.7494988441467285,0.24405743181705475,1.1542026996612549,6.108119249343872,3,0.1
-0.7491916418075562,0.25505274534225464,1.154008388519287,6.208434581756592,3,0.1
-0.749031126499176,0.2669573724269867,1.1538797616958618,6.308543682098389,3,0.1
-0.7494203448295593,0.2791530191898346,1.1539679765701294,6.408955335617065,3,0.1
-0.7493084073066711,0.2910916805267334,1.1538269519805908,6.509058475494385,3,0.1
-0.7490230798721313,0.30285996198654175,1.1534290313720703,6.609523773193359,3,0.1
-0.7488166093826294,0.31439855694770813,1.1526471376419067,6.7097156047821045,3,0.1
-0.7486243844032288,0.32622161507606506,1.151975393295288,6.809960842132568,3,0.1
-0.7483966946601868,0.3380316197872162,1.1513774394989014,6.9101881980896,3,0.1
-0.7485389709472656,0.35036471486091614,1.1514356136322021,7.0105299949646,3,0.1
-0.7486823201179504,0.3630130887031555,1.151821494102478,7.110837697982788,3,0.1
-0.7489879131317139,0.3765524625778198,1.1524934768676758,7.210950613021851,3,0.1
-0.7491024136543274,0.38950276374816895,1.1535853147506714,7.311211824417114,3,0.1
-0.7488639950752258,0.4034300148487091,1.1548302173614502,7.41131329536438,3,0.1
-0.7478472590446472,0.4166578948497772,1.1562011241912842,7.511592864990234,3,0.1
-0.7460624575614929,0.42842617630958557,1.157576084136963,7.611900091171265,3,0.1
-0.743598461151123,0.44180014729499817,1.1584018468856812,7.71214485168457,3,0.1
-0.7402212619781494,0.45345747470855713,1.1593427658081055,7.812248229980469,3,0.1
-0.7362415790557861,0.46550023555755615,1.159828782081604,7.912564516067505,3,0.1
-0.7318586111068726,0.4768657088279724,1.1600645780563354,8.01272964477539,3,0.1
-0.7271514534950256,0.48826783895492554,1.160430908203125,8.113117694854736,3,0.1
-0.7223524451255798,0.49980947375297546,1.1609197854995728,8.213351249694824,3,0.1
-0.7175347208976746,0.5113358497619629,1.1616694927215576,8.313684701919556,3,0.1
-0.712863564491272,0.5227424502372742,1.16257905960083,8.413941144943237,3,0.1
-0.7077464461326599,0.5347102284431458,1.1640514135360718,8.514272212982178,3,0.1
-0.7025228142738342,0.5464516282081604,1.1658315658569336,8.614464044570923,3,0.1
-0.696790337562561,0.557689905166626,1.1676183938980103,8.714666604995728,3,0.1
-0.6907130479812622,0.5695979595184326,1.1693317890167236,8.814900398254395,3,0.1
-0.6846853494644165,0.579848051071167,1.1706527471542358,8.915247917175293,3,0.1
-0.6780337691307068,0.5902657508850098,1.172411322593689,9.015477418899536,3,0.1
-0.671437680721283,0.5999646186828613,1.1736633777618408,9.115737915039062,3,0.1
-0.6646003723144531,0.6085579991340637,1.1751556396484375,9.216179132461548,3,0.1
-0.6578829884529114,0.6174059510231018,1.1760231256484985,9.316471338272095,3,0.1
-0.6511178612709045,0.6253526210784912,1.1769030094146729,9.416751623153687,3,0.1
-0.6445626020431519,0.6326544284820557,1.1774920225143433,9.517034769058228,3,0.1
-0.6380359530448914,0.6404085755348206,1.1783332824707031,9.617294788360596,3,0.1
-0.631397545337677,0.6468513011932373,1.1786866188049316,9.717531442642212,3,0.1
-0.6249158382415771,0.6528293490409851,1.1783974170684814,9.817881345748901,3,0.1
-0.6178862452507019,0.6575533747673035,1.1784439086914062,9.918227195739746,3,0.1
-0.6113812327384949,0.6625437140464783,1.1778488159179688,10.018574476242065,3,0.1
-0.6041869521141052,0.6657460331916809,1.176974892616272,10.118777751922607,3,0.1
-0.5966184735298157,0.6694043278694153,1.1752355098724365,10.218985795974731,3,0.1
-0.5891501903533936,0.6711866855621338,1.172908067703247,10.3191659450531,3,0.1
-0.581269383430481,0.6731144785881042,1.170340895652771,10.41945767402649,3,0.1
-0.5732731223106384,0.674089252948761,1.1675703525543213,10.51975965499878,3,0.1
-0.5653572082519531,0.6746891736984253,1.1643294095993042,10.620084047317505,3,0.1
-0.5574824213981628,0.6743475198745728,1.1608810424804688,10.720398187637329,3,0.1
-0.549656331539154,0.6750752925872803,1.1578395366668701,10.820631980895996,3,0.1
-0.5418033599853516,0.675179660320282,1.154848337173462,10.920974969863892,3,0.1
-0.534275472164154,0.6750141978263855,1.1516568660736084,11.021108150482178,3,0.1
-0.5267519354820251,0.6749162673950195,1.1483508348464966,11.12141227722168,3,0.1
-0.5192294120788574,0.6745292544364929,1.1453267335891724,11.221673727035522,3,0.1
-0.5120458006858826,0.6742081046104431,1.1422237157821655,11.321971893310547,3,0.1
-0.5050584077835083,0.6732093691825867,1.138952374458313,11.422235012054443,3,0.1
-0.4974999725818634,0.6729269623756409,1.1364587545394897,11.52260160446167,3,0.1
-0.49046897888183594,0.672186017036438,1.1335469484329224,11.622950077056885,3,0.1
-0.4834524989128113,0.6714563965797424,1.1302664279937744,11.723288536071777,3,0.1
-0.47612500190734863,0.670433521270752,1.1275739669799805,11.823541402816772,3,0.1
-0.468254029750824,0.6688839197158813,1.1249128580093384,11.923774242401123,3,0.1
-0.4604829251766205,0.6670482158660889,1.1221245527267456,12.024049282073975,3,0.1
-0.45258986949920654,0.6646348237991333,1.1195261478424072,12.12422490119934,3,0.1
-0.4450010657310486,0.6620537638664246,1.1170990467071533,12.224460363388062,3,0.1
-0.4365277588367462,0.659375011920929,1.115984559059143,12.324725866317749,3,0.1
-0.42861685156822205,0.6568237543106079,1.1144495010375977,12.425150394439697,3,0.1
-0.4212385416030884,0.6535676717758179,1.1131740808486938,12.525390148162842,3,0.1
-0.41362130641937256,0.6500574350357056,1.1118707656860352,12.625707149505615,3,0.1
-0.40684783458709717,0.6460936665534973,1.109914779663086,12.725920677185059,3,0.1
-0.40021461248397827,0.6421201825141907,1.1083543300628662,12.826199054718018,3,0.1
-0.3939445912837982,0.6386844515800476,1.1066890954971313,12.926387310028076,3,0.1
-0.3876722455024719,0.63458651304245,1.1049046516418457,13.026659727096558,3,0.1
-0.3812140226364136,0.6307487487792969,1.1027792692184448,13.126821041107178,3,0.1
-0.37513306736946106,0.6261762380599976,1.1010851860046387,13.227229356765747,3,0.1
-0.3686068654060364,0.6215780973434448,1.0990393161773682,13.327419519424438,3,0.1
-0.362219899892807,0.6170021295547485,1.09722900390625,13.42776894569397,3,0.1
-0.35524970293045044,0.6112849116325378,1.0953903198242188,13.52801513671875,3,0.1
-0.34871792793273926,0.6064071655273438,1.093839406967163,13.628288269042969,3,0.1
-0.342220276594162,0.6013930439949036,1.0920937061309814,13.728519678115845,3,0.1
-0.33614107966423035,0.5960754156112671,1.0903723239898682,13.828827381134033,3,0.1
-0.3299362361431122,0.5910728573799133,1.0884968042373657,13.929012775421143,3,0.1
-0.32364752888679504,0.5862074494361877,1.0865031480789185,14.029277801513672,3,0.1
-0.3171725571155548,0.5809674859046936,1.084594488143921,14.129456758499146,3,0.1
-0.3106437027454376,0.5755492448806763,1.0823975801467896,14.229688167572021,3,0.1
-0.30392947793006897,0.5698620080947876,1.0802764892578125,14.330004453659058,3,0.1
-0.29781222343444824,0.564185619354248,1.0775741338729858,14.43035340309143,3,0.1
-0.29129353165626526,0.5587435960769653,1.0750840902328491,14.530563831329346,3,0.1
-0.28518107533454895,0.5531083941459656,1.0718152523040771,14.630875825881958,3,0.1
-0.2784600853919983,0.5468618869781494,1.0684069395065308,14.731149435043335,3,0.1
-0.2719351649284363,0.5406815409660339,1.064854621887207,14.831379175186157,3,0.1
-0.26517680287361145,0.5343085527420044,1.0612561702728271,14.931620121002197,3,0.1
-0.25892317295074463,0.5284315943717957,1.0572293996810913,15.031891107559204,3,0.1
-0.25276532769203186,0.5225470066070557,1.053515911102295,15.132158279418945,3,0.1
-0.24708041548728943,0.5167080760002136,1.0495014190673828,15.232386112213135,3,0.1
-0.24142031371593475,0.5106388926506042,1.0454716682434082,15.332701206207275,3,0.1
-0.2361002415418625,0.5044750571250916,1.041290283203125,15.432995557785034,3,0.1
-0.23142124712467194,0.49743154644966125,1.0365723371505737,15.533395767211914,3,0.1
-0.22658318281173706,0.4912983477115631,1.0325006246566772,15.63367486000061,3,0.1
-0.2219923585653305,0.48468175530433655,1.0285459756851196,15.73393964767456,3,0.1
-0.217814639210701,0.47839465737342834,1.0246508121490479,15.834160089492798,3,0.1
-0.21406418085098267,0.4725511372089386,1.021040439605713,15.93443512916565,3,0.1
-0.21003924310207367,0.46616533398628235,1.0180580615997314,16.034652948379517,3,0.1
-0.20641593635082245,0.4607182741165161,1.0154743194580078,16.13483762741089,3,0.1
-0.20236003398895264,0.4552534818649292,1.0124211311340332,16.23500156402588,3,0.1
-0.19860802590847015,0.44910699129104614,1.0089353322982788,16.335176706314087,3,0.1
-0.19450750946998596,0.4429256319999695,1.0052495002746582,16.435536861419678,3,0.1
-0.19041603803634644,0.4366927742958069,1.0014817714691162,16.53576946258545,3,0.1
-0.18619458377361298,0.43037503957748413,0.9976034760475159,16.636125564575195,3,0.1
-0.18173538148403168,0.42394158244132996,0.9933721423149109,16.73630452156067,3,0.1
-0.1773778647184372,0.4174036979675293,0.9891260266304016,16.836629152297974,3,0.1
-0.172908216714859,0.4104383587837219,0.9847878813743591,16.93688678741455,3,0.1
-0.1681787669658661,0.40336546301841736,0.9805035591125488,17.037145137786865,3,0.1
-0.1636296808719635,0.3960415720939636,0.9763928055763245,17.137414932250977,3,0.1
-0.1590343713760376,0.38846150040626526,0.9721477031707764,17.23767113685608,3,0.1
-0.15476007759571075,0.3804844319820404,0.9681485891342163,17.337915182113647,3,0.1
-0.1508943885564804,0.3726091682910919,0.9637046456336975,17.43828010559082,3,0.1
-0.14667196571826935,0.364461749792099,0.9600465297698975,17.538559913635254,3,0.1
-0.14276303350925446,0.3566180467605591,0.9560447931289673,17.638949871063232,3,0.1
-0.1387266367673874,0.34829089045524597,0.9522303938865662,17.739272117614746,3,0.1
-0.13487079739570618,0.34040316939353943,0.9485234618186951,17.839391469955444,3,0.1
-0.13111862540245056,0.33259913325309753,0.9447989463806152,17.939738035202026,3,0.1
-0.12713606655597687,0.3245531916618347,0.941713809967041,18.03993272781372,3,0.1
-0.12360760569572449,0.31662899255752563,0.9380317330360413,18.140169620513916,3,0.1
-0.11993605643510818,0.30800291895866394,0.9348451495170593,18.240398645401,3,0.1
-0.11658353358507156,0.29960447549819946,0.9314209818840027,18.340646982192993,3,0.1
-0.11271422356367111,0.29080259799957275,0.9283225536346436,18.4408438205719,3,0.1
-0.10931629687547684,0.2818550169467926,0.9253756999969482,18.54109501838684,3,0.1
-0.10583416372537613,0.2737855017185211,0.9235092401504517,18.641358375549316,3,0.1
-0.10285919159650803,0.26570528745651245,0.9216724038124084,18.741650104522705,3,0.1
-0.10016108304262161,0.2576662003993988,0.9201270937919617,18.841965436935425,3,0.1
-0.09794218093156815,0.24992644786834717,0.9190421104431152,18.94238567352295,3,0.1
-0.09588528424501419,0.24191266298294067,0.917900562286377,19.04276204109192,3,0.1
-0.09379582852125168,0.2341565489768982,0.9170810580253601,19.1430823802948,3,0.1
-0.09174316376447678,0.2256876528263092,0.9155728816986084,19.243305921554565,3,0.1
-0.08982665836811066,0.21761292219161987,0.91362464427948,19.343744039535522,3,0.1
-0.08765995502471924,0.20885054767131805,0.9113351702690125,19.44400691986084,3,0.1
-0.08531008660793304,0.19978785514831543,0.9094125032424927,19.54417371749878,3,0.1
-0.08332172781229019,0.19077928364276886,0.9073628187179565,19.64439558982849,3,0.1
-0.0813533365726471,0.18194091320037842,0.9051711559295654,19.744725704193115,3,0.1
-0.07952502369880676,0.17290833592414856,0.9031230211257935,19.84488344192505,3,0.1
-0.07798457890748978,0.16390489041805267,0.9011197090148926,19.94517421722412,3,0.1
-0.07659625262022018,0.15618015825748444,0.8994958996772766,20.045389652252197,3,0.1
-0.07493024319410324,0.14608187973499298,0.8973494172096252,20.145636320114136,3,0.1
-0.07325287908315659,0.13693293929100037,0.8953520059585571,20.24595355987549,3,0.1
-0.07146039605140686,0.1277037262916565,0.8940929174423218,20.34618091583252,3,0.1
-0.06978210806846619,0.11829197406768799,0.8928254246711731,20.446476697921753,3,0.1
-0.06792336702346802,0.10897885262966156,0.891552746295929,20.546819925308228,3,0.1
-0.06618434190750122,0.10036750882863998,0.8912708163261414,20.647010564804077,3,0.1
-0.06454143673181534,0.09185455739498138,0.8911397457122803,20.747286081314087,3,0.1
-0.06290581077337265,0.08355245739221573,0.891129732131958,20.847567081451416,3,0.1
-0.06119626760482788,0.07483212649822235,0.8913692235946655,20.94782018661499,3,0.1
-0.05966944620013237,0.06628526747226715,0.8913823366165161,21.04797911643982,3,0.1
-0.057716865092515945,0.05706951767206192,0.8913946747779846,21.148118257522583,3,0.1
-0.055627282708883286,0.047496769577264786,0.8914346694946289,21.24842596054077,3,0.1
-0.054034098982810974,0.038281407207250595,0.8911859393119812,21.34863519668579,3,0.1
-0.05216687545180321,0.028436334803700447,0.8910132050514221,21.448874473571777,3,0.1
-0.050240494310855865,0.018338341265916824,0.8912152051925659,21.548999309539795,3,0.1
-0.04886375367641449,0.008485575206577778,0.891234278678894,21.64935851097107,3,0.1
-0.04784519597887993,-0.001820893376134336,0.8913968205451965,21.749608039855957,3,0.1
-0.04728135094046593,-0.012191345915198326,0.8914889097213745,21.849939346313477,3,0.1
-0.04706883803009987,-0.022957833483815193,0.8918850421905518,21.950068950653076,3,0.1
-0.04737446457147598,-0.033967118710279465,0.8922011256217957,22.050525665283203,3,0.1
-0.048127591609954834,-0.045315489172935486,0.8930591344833374,22.15073275566101,3,0.1
-0.04965883865952492,-0.05598558112978935,0.8942896723747253,22.250927209854126,3,0.1
-0.05127645283937454,-0.06639740616083145,0.8951073288917542,22.351215839385986,3,0.1
-0.05278545245528221,-0.07732085883617401,0.8962176442146301,22.451467037200928,3,0.1
-0.05447354167699814,-0.08833612501621246,0.8969817757606506,22.551843643188477,3,0.1
-0.05578777566552162,-0.09946324676275253,0.8975823521614075,22.651997566223145,3,0.1
-0.05694635957479477,-0.1111200600862503,0.8986167907714844,22.75219464302063,3,0.1
-0.05811270698904991,-0.12222594767808914,0.8995423913002014,22.852427005767822,3,0.1
-0.05980458855628967,-0.13338546454906464,0.9006373882293701,22.95270824432373,3,0.1
-0.06122296303510666,-0.14468194544315338,0.9018368124961853,23.05292797088623,3,0.1
-0.06253044307231903,-0.155905619263649,0.9028506875038147,23.15328574180603,3,0.1
-0.06388961523771286,-0.16729217767715454,0.9036345481872559,23.25359797477722,3,0.1
-0.06545071303844452,-0.17856688797473907,0.9045511484146118,23.353911876678467,3,0.1
-0.06718099862337112,-0.18961703777313232,0.9054824113845825,23.454185724258423,3,0.1
-0.07010266929864883,-0.20086878538131714,0.9060225486755371,23.554429054260254,3,0.1
-0.07235711812973022,-0.21130189299583435,0.9072691798210144,23.65480637550354,3,0.1
-0.07514933496713638,-0.22264747321605682,0.9084383249282837,23.75505042076111,3,0.1
-0.07783565670251846,-0.23337280750274658,0.909853458404541,23.855355262756348,3,0.1
-0.08135363459587097,-0.24379514157772064,0.9109429121017456,23.955631256103516,3,0.1
-0.08493456989526749,-0.25418543815612793,0.9120339751243591,24.05600357055664,3,0.1
-0.08842115104198456,-0.2645546495914459,0.9133904576301575,24.15620732307434,3,0.1
-0.09249863773584366,-0.27445679903030396,0.9151289463043213,24.256512880325317,3,0.1
-0.09662984311580658,-0.2840854525566101,0.9174519777297974,24.35680627822876,3,0.1
-0.10152559727430344,-0.29341238737106323,0.9198290109634399,24.45707869529724,3,0.1
-0.1061212420463562,-0.3026599884033203,0.9224852919578552,24.55742073059082,3,0.1
-0.11096544563770294,-0.3121129274368286,0.9247841835021973,24.657737970352173,3,0.1
-0.11552266031503677,-0.3217138648033142,0.9271619319915771,24.75792670249939,3,0.1
-0.12078740447759628,-0.3312382102012634,0.9292759895324707,24.858176231384277,3,0.1
-0.12584707140922546,-0.3411902189254761,0.9316785931587219,24.958407878875732,3,0.1
-0.1312316656112671,-0.3510722219944,0.9340012073516846,25.05873942375183,3,0.1
-0.137136310338974,-0.3611057996749878,0.9364649653434753,25.15889310836792,3,0.1
-0.14351825416088104,-0.3709701597690582,0.9394801259040833,25.25919818878174,3,0.1
-0.14994744956493378,-0.38050514459609985,0.9422248601913452,25.35936403274536,3,0.1
-0.15684907138347626,-0.38970690965652466,0.9447810649871826,25.459645748138428,3,0.1
-0.16413623094558716,-0.3986623287200928,0.9470885396003723,25.559844732284546,3,0.1
-0.17183540761470795,-0.4076305627822876,0.9494938254356384,25.66014838218689,3,0.1
-0.1798795759677887,-0.41643810272216797,0.952065110206604,25.7604022026062,3,0.1
-0.18806183338165283,-0.4250977635383606,0.9547194242477417,25.860645532608032,3,0.1
-0.1967862844467163,-0.4332561194896698,0.9571803212165833,25.960918188095093,3,0.1
-0.2056431770324707,-0.44131913781166077,0.9589151740074158,26.061203241348267,3,0.1
-0.21405670046806335,-0.44998806715011597,0.9611473679542542,26.161458492279053,3,0.1
-0.2230883687734604,-0.45805203914642334,0.9627173542976379,26.26176691055298,3,0.1
-0.2322610467672348,-0.4656952917575836,0.964141845703125,26.36199426651001,3,0.1
-0.24194170534610748,-0.47342589497566223,0.9657406806945801,26.46231770515442,3,0.1
-0.2519232928752899,-0.48068684339523315,0.9671940207481384,26.562464714050293,3,0.1
-0.2623556852340698,-0.4879782795906067,0.9685604572296143,26.66271424293518,3,0.1
-0.2717660367488861,-0.49473339319229126,0.9698470234870911,26.763041973114014,3,0.1
-0.28213807940483093,-0.5015705227851868,0.9712019562721252,26.863184928894043,3,0.1
-0.292594850063324,-0.5076088905334473,0.9724413156509399,26.963670253753662,3,0.1
-0.30362147092819214,-0.5128904581069946,0.9732449054718018,27.06394100189209,3,0.1
-0.3147640824317932,-0.5179420709609985,0.9738375544548035,27.16416907310486,3,0.1
-0.3259495198726654,-0.5229514837265015,0.9739870429039001,27.26431179046631,3,0.1
-0.33686399459838867,-0.5282010436058044,0.9740325808525085,27.364563703536987,3,0.1
-0.3479124903678894,-0.5333077907562256,0.973540186882019,27.46484875679016,3,0.1
-0.3590458333492279,-0.538760244846344,0.9725615978240967,27.565133333206177,3,0.1
-0.37049153447151184,-0.5442213416099548,0.9712038636207581,27.665405988693237,3,0.1
-0.38220348954200745,-0.5495001673698425,0.969399094581604,27.76572012901306,3,0.1
-0.39407023787498474,-0.5546916723251343,0.9671531319618225,27.865861892700195,3,0.1
-0.4065855145454407,-0.5594936609268188,0.9646931886672974,27.966049909591675,3,0.1
-0.42016929388046265,-0.5638644099235535,0.9619507193565369,28.06622624397278,3,0.1
-0.4332271218299866,-0.567130982875824,0.9595639109611511,28.1664400100708,3,0.1
-0.4477360248565674,-0.5701509714126587,0.9569234848022461,28.26664900779724,3,0.1
-0.4620669186115265,-0.5725184082984924,0.9544845223426819,28.366862535476685,3,0.1
-0.47659099102020264,-0.5743198990821838,0.9520244002342224,28.467036724090576,3,0.1
-0.4915682375431061,-0.5759437680244446,0.9496141672134399,28.5673348903656,3,0.1
-0.5068703889846802,-0.5770989656448364,0.9473356008529663,28.667616367340088,3,0.1
-0.522584080696106,-0.5776983499526978,0.9453738927841187,28.767838954925537,3,0.1
-0.5387135148048401,-0.5780391693115234,0.943544864654541,28.868088483810425,3,0.1
-0.5550795793533325,-0.5780068039894104,0.9420891404151917,28.96834421157837,3,0.1
-0.5716176629066467,-0.5776509046554565,0.9405868053436279,29.068590879440308,3,0.1
-0.588101863861084,-0.5774104595184326,0.9390099048614502,29.168728351593018,3,0.1
-0.6046484112739563,-0.5774700045585632,0.9373700022697449,29.269060850143433,3,0.1
-0.621726930141449,-0.5771582722663879,0.9363979697227478,29.369321584701538,3,0.1
-0.6396477818489075,-0.5761316418647766,0.9365898370742798,29.469648599624634,3,0.1
-0.6581072211265564,-0.5744566321372986,0.9374658465385437,29.569868087768555,3,0.1
-0.6767487525939941,-0.5721351504325867,0.9383082389831543,29.670179843902588,3,0.1
-0.6956523656845093,-0.5704991817474365,0.9379026293754578,29.770424365997314,3,0.1
-0.7125170826911926,-0.5697777271270752,0.9364365339279175,29.870909214019775,3,0.1
-0.7281146049499512,-0.5697890520095825,0.9345735311508179,29.97124743461609,3,0.1
-0.7449387311935425,-0.569457471370697,0.9322498440742493,30.071459770202637,3,0.1
-0.7614343762397766,-0.5685151815414429,0.9304041862487793,30.171793937683105,3,0.1
-0.7779819369316101,-0.5663938522338867,0.9282939434051514,30.27203631401062,3,0.1
-0.7947140336036682,-0.5637975335121155,0.9260134696960449,30.372297525405884,3,0.1
-0.8113045692443848,-0.5604795813560486,0.9231137633323669,30.472541570663452,3,0.1
-0.8276084065437317,-0.5566105842590332,0.9200380444526672,30.57282567024231,3,0.1
-0.8437554240226746,-0.5519653558731079,0.9171252846717834,30.6729793548584,3,0.1
-0.8598714470863342,-0.5466951131820679,0.9143575429916382,30.773345708847046,3,0.1
-0.8764030337333679,-0.5410524010658264,0.9116225242614746,30.873586893081665,3,0.1
-0.892985463142395,-0.5349878668785095,0.9093639850616455,30.973906993865967,3,0.1
-0.9097844958305359,-0.5285993814468384,0.9070623517036438,31.074079513549805,3,0.1
-0.9267436265945435,-0.5219526290893555,0.9050613641738892,31.174377918243408,3,0.1
-0.9435374140739441,-0.51497882604599,0.9027202129364014,31.2748703956604,3,0.1
-0.9606875777244568,-0.5077205896377563,0.900593638420105,31.375056743621826,3,0.1
-0.9767927527427673,-0.5009251832962036,0.8985016345977783,31.47531008720398,3,0.1
-0.992668628692627,-0.4938373267650604,0.8965051174163818,31.57548189163208,3,0.1
-1.0082569122314453,-0.48640674352645874,0.8946859836578369,31.675769329071045,3,0.1
-1.023568034172058,-0.47853705286979675,0.8930581212043762,31.7760968208313,3,0.1
-1.0391457080841064,-0.46974992752075195,0.8918989300727844,31.876237869262695,3,0.1
-1.054367184638977,-0.4605710208415985,0.8903958201408386,31.976413249969482,3,0.1
-1.0692394971847534,-0.45133739709854126,0.8889251351356506,32.0767183303833,3,0.1
-1.0834877490997314,-0.4417223334312439,0.8871621489524841,32.17708468437195,3,0.1
-1.097168207168579,-0.43145909905433655,0.8854520916938782,32.277339696884155,3,0.1
-1.1105717420578003,-0.4208967983722687,0.8835881948471069,32.377668142318726,3,0.1
-1.1235430240631104,-0.4099956452846527,0.8821009993553162,32.47798752784729,3,0.1
-1.136274814605713,-0.39848682284355164,0.8805943131446838,32.578237771987915,3,0.1
-1.1491619348526,-0.386483758687973,0.8795790672302246,32.67843461036682,3,0.1
-1.1606680154800415,-0.3750927746295929,0.8787798285484314,32.77867650985718,3,0.1
-1.172539472579956,-0.36273273825645447,0.8777410387992859,32.8789918422699,3,0.1
-1.1843310594558716,-0.34985998272895813,0.8766946196556091,32.9792685508728,3,0.1
-1.1951676607131958,-0.33759981393814087,0.8756340146064758,33.079490423202515,3,0.1
-1.205574870109558,-0.32524988055229187,0.8746693134307861,33.17976975440979,3,0.1
-1.2156224250793457,-0.3128076493740082,0.8739579319953918,33.28003907203674,3,0.1
-1.2258261442184448,-0.2998892068862915,0.873505175113678,33.38015270233154,3,0.1
-1.2358067035675049,-0.28675204515457153,0.8735049366950989,33.48047637939453,3,0.1
-1.2452175617218018,-0.27354371547698975,0.8736609220504761,33.58073091506958,3,0.1
-1.2542250156402588,-0.26016974449157715,0.8738795518875122,33.68105411529541,3,0.1
-1.2624030113220215,-0.24648164212703705,0.8743234872817993,33.7813286781311,3,0.1
-1.2699482440948486,-0.23343425989151,0.8749796748161316,33.88162875175476,3,0.1
-1.277332067489624,-0.21974487602710724,0.8756676912307739,33.9818639755249,3,0.1
-1.2843180894851685,-0.20621758699417114,0.8764666318893433,34.08221673965454,3,0.1
-1.2913979291915894,-0.1925804167985916,0.8775709271430969,34.1823844909668,3,0.1
-1.2983542680740356,-0.1781577616930008,0.8792065978050232,34.28272795677185,3,0.1
-1.3054335117340088,-0.16356529295444489,0.8813440799713135,34.382856607437134,3,0.1
-1.3118661642074585,-0.1488405019044876,0.8832695484161377,34.48301672935486,3,0.1
-1.3175376653671265,-0.13444747030735016,0.8848264217376709,34.583338499069214,3,0.1
-1.3226394653320312,-0.12038472294807434,0.8860576748847961,34.68359112739563,3,0.1
-1.3265360593795776,-0.10709801316261292,0.8870484828948975,34.78400015830994,3,0.1
-1.329778790473938,-0.09383633732795715,0.8877329230308533,34.88421010971069,3,0.1
-1.3328197002410889,-0.08008146286010742,0.8888534903526306,34.98454785346985,3,0.1
-1.3356627225875854,-0.06672971695661545,0.8904534578323364,35.084808111190796,3,0.1
-1.3384315967559814,-0.05266336724162102,0.8918132185935974,35.185277462005615,3,0.1
-1.3408221006393433,-0.03901942819356918,0.8930681943893433,35.2855384349823,3,0.1
-1.343470573425293,-0.024985820055007935,0.8942814469337463,35.38586068153381,3,0.1
-1.3460161685943604,-0.011269766837358475,0.8953226208686829,35.486201763153076,3,0.1
-1.3478753566741943,0.0029249866493046284,0.8963146805763245,35.586456060409546,3,0.1
-1.349616289138794,0.015981614589691162,0.8969990611076355,35.686803102493286,3,0.1
-1.350584626197815,0.028330553323030472,0.8974981904029846,35.78704571723938,3,0.1
-1.3512221574783325,0.04201048985123634,0.8981131911277771,35.88737916946411,3,0.1
-1.351971983909607,0.05542270094156265,0.8984583616256714,35.98759627342224,3,0.1
-1.3519421815872192,0.06884966790676117,0.8982847929000854,36.08799695968628,3,0.1
-1.3514838218688965,0.0813145861029625,0.8975820541381836,36.188103437423706,3,0.1
-1.3504186868667603,0.09413576871156693,0.8963746428489685,36.28835964202881,3,0.1
-1.3493345975875854,0.1067388504743576,0.8949004411697388,36.388681411743164,3,0.1
-1.347893238067627,0.11876514554023743,0.8934003710746765,36.48891568183899,3,0.1
-1.3463318347930908,0.1310548186302185,0.8916015028953552,36.5892698764801,3,0.1
-1.3443938493728638,0.14249759912490845,0.8899337649345398,36.68958783149719,3,0.1
-1.3427658081054688,0.15458205342292786,0.8886659145355225,36.78985095024109,3,0.1
-1.34063720703125,0.16682778298854828,0.8870816230773926,36.890101194381714,3,0.1
-1.338281512260437,0.17949454486370087,0.8855213522911072,36.99030327796936,3,0.1
-1.3360594511032104,0.1910778284072876,0.8840060830116272,37.090792417526245,3,0.1
-1.3331010341644287,0.20360025763511658,0.8825677633285522,37.19102334976196,3,0.1
-1.3301379680633545,0.21580606698989868,0.8810549974441528,37.2913498878479,3,0.1
-1.3271992206573486,0.22834789752960205,0.879359245300293,37.391599893569946,3,0.1
-1.3241652250289917,0.24097609519958496,0.8776978254318237,37.49186038970947,3,0.1
-1.3212000131607056,0.25396808981895447,0.8759583234786987,37.5920672416687,3,0.1
-1.3181084394454956,0.2666904926300049,0.8741028308868408,37.69234371185303,3,0.1
-1.3147450685501099,0.2795487344264984,0.8723806738853455,37.7926299571991,3,0.1
-1.3113362789154053,0.292216032743454,0.8712136149406433,37.892876625061035,3,0.1
-1.3080426454544067,0.30495116114616394,0.8702948093414307,37.99320602416992,3,0.1
-1.3040618896484375,0.3173254132270813,0.8695687651634216,38.09349346160889,3,0.1
-1.299850583076477,0.3292695879936218,0.8689292073249817,38.19379186630249,3,0.1
-1.295308232307434,0.3411344289779663,0.868156373500824,38.29409623146057,3,0.1
-1.290544867515564,0.35194259881973267,0.8671462535858154,38.39439916610718,3,0.1
-1.2846720218658447,0.362968772649765,0.8660975098609924,38.49468803405762,3,0.1
-1.2793318033218384,0.3730004131793976,0.8652204871177673,38.59508681297302,3,0.1
-1.273316502571106,0.3839518427848816,0.8640933632850647,38.6953239440918,3,0.1
-1.2675526142120361,0.39402589201927185,0.8632723093032837,38.795605182647705,3,0.1
-1.2618324756622314,0.40379342436790466,0.8628802299499512,38.8959219455719,3,0.1
-1.256428599357605,0.41361120343208313,0.8630701303482056,38.99611783027649,3,0.1
-1.2509229183197021,0.42312169075012207,0.8627639412879944,39.09639358520508,3,0.1
-1.2455360889434814,0.4333890676498413,0.8620611429214478,39.19663691520691,3,0.1
-1.24019193649292,0.44280731678009033,0.8608264327049255,39.296963691711426,3,0.1
-1.2348909378051758,0.45220747590065,0.8594649434089661,39.39720058441162,3,0.1
-1.2296358346939087,0.46193671226501465,0.858659565448761,39.497575998306274,3,0.1
-1.2242714166641235,0.47117260098457336,0.8578945994377136,39.597904443740845,3,0.1
-1.2189099788665771,0.48023656010627747,0.8574157357215881,39.6981897354126,3,0.1
-1.2127937078475952,0.489708811044693,0.8570627570152283,39.79857325553894,3,0.1
-1.2068328857421875,0.4979931116104126,0.8563592433929443,39.89882755279541,3,0.1
-1.200239896774292,0.5055022835731506,0.8558313250541687,39.99915409088135,3,0.1
-1.1936168670654297,0.5125755071640015,0.8549337983131409,40.09935402870178,3,0.1
-1.1868493556976318,0.5198771953582764,0.8542337417602539,40.19966697692871,3,0.1
-1.1800422668457031,0.5267862677574158,0.853761613368988,40.29981827735901,3,0.1
-1.173069715499878,0.5335466861724854,0.8531867861747742,40.40011715888977,3,0.1
-1.165823221206665,0.5406693816184998,0.8522769212722778,40.50033950805664,3,0.1
-1.1586452722549438,0.5471009016036987,0.8511963486671448,40.600677251815796,3,0.1
-1.15160071849823,0.5540516376495361,0.8502511382102966,40.70080232620239,3,0.1
-1.1444720029830933,0.5601977109909058,0.8492951989173889,40.801079511642456,3,0.1
-1.137264609336853,0.5663572549819946,0.8482723236083984,40.90131735801697,3,0.1
-1.129663109779358,0.5728245377540588,0.8476295471191406,41.0016770362854,3,0.1
-1.1217206716537476,0.5788846015930176,0.8470222353935242,41.10194754600525,3,0.1
-1.1136013269424438,0.5842673778533936,0.846378743648529,41.202197790145874,3,0.1
-1.1052476167678833,0.5900595188140869,0.8450332283973694,41.30254101753235,3,0.1
-1.0961508750915527,0.5949288606643677,0.8431404829025269,41.40285110473633,3,0.1
-1.0871332883834839,0.5993359684944153,0.8412144184112549,41.50307893753052,3,0.1
-1.0781502723693848,0.6039732098579407,0.838851809501648,41.603419065475464,3,0.1
-1.0684850215911865,0.6081332564353943,0.8363863229751587,41.70367217063904,3,0.1
-1.0586767196655273,0.611713707447052,0.8334423899650574,41.80405259132385,3,0.1
-1.048863172531128,0.6151232719421387,0.8303359150886536,41.90428972244263,3,0.1
-1.0390139818191528,0.6189368367195129,0.8273264169692993,42.00455355644226,3,0.1
-1.0295963287353516,0.6228795051574707,0.8240773677825928,42.1048641204834,3,0.1
-1.0203365087509155,0.6268354654312134,0.8211035132408142,42.20508074760437,3,0.1
-1.0112820863723755,0.6310496926307678,0.8178557753562927,42.305394887924194,3,0.1
-1.002189040184021,0.6346965432167053,0.8147426843643188,42.405627965927124,3,0.1
-0.9931759834289551,0.6382896900177002,0.8111799955368042,42.50582551956177,3,0.1
-0.9835526943206787,0.6415418386459351,0.8078815937042236,42.60611653327942,3,0.1
-0.9730919003486633,0.6440408229827881,0.804548978805542,42.70634412765503,3,0.1
-0.9635212421417236,0.6470062732696533,0.8010998368263245,42.8067524433136,3,0.1
-0.953380286693573,0.6490828990936279,0.7977191209793091,42.907004833221436,3,0.1
-0.9431504607200623,0.651112973690033,0.7944672107696533,43.007242918014526,3,0.1
-0.9328755736351013,0.6537834405899048,0.7917162775993347,43.10750365257263,3,0.1
-0.9229190349578857,0.6567423939704895,0.7888273596763611,43.207847356796265,3,0.1
-0.9126860499382019,0.6594334840774536,0.7856352925300598,43.30806922912598,3,0.1
-0.9019225239753723,0.6616302728652954,0.7819139957427979,43.408281326293945,3,0.1
-0.8910135626792908,0.663322925567627,0.7777940630912781,43.50853133201599,3,0.1
-0.8800947666168213,0.6646325588226318,0.7736161947250366,43.608707904815674,3,0.1
-0.8689137697219849,0.6662697196006775,0.7695906758308411,43.70901608467102,3,0.1
-0.8581799864768982,0.6678804755210876,0.7660160660743713,43.809290409088135,3,0.1
-0.847845196723938,0.6702324748039246,0.7623148560523987,43.90955853462219,3,0.1
-0.8367077708244324,0.6722464561462402,0.758687436580658,44.009904861450195,3,0.1
-0.8255056738853455,0.6740004420280457,0.7550955414772034,44.1102294921875,3,0.1
-0.8143718838691711,0.6758936643600464,0.7519215941429138,44.210495710372925,3,0.1
-0.8035280108451843,0.6775115132331848,0.7493822574615479,44.31072020530701,3,0.1
-0.7929389476776123,0.6795851588249207,0.7464392781257629,44.41107678413391,3,0.1
-0.7825770974159241,0.6809399724006653,0.7442083358764648,44.51129698753357,3,0.1
-0.7726792693138123,0.6819950938224792,0.7418146729469299,44.6114239692688,3,0.1
-0.7626027464866638,0.6824705004692078,0.7396391034126282,44.711742639541626,3,0.1
-0.7523223757743835,0.6826406717300415,0.7375496625900269,44.81203556060791,3,0.1
-0.7420551776885986,0.6821866035461426,0.7350625991821289,44.91233968734741,3,0.1
-0.7321316003799438,0.6818873286247253,0.732943058013916,45.01252603530884,3,0.1
-0.722459077835083,0.6818134784698486,0.731505274772644,45.11279511451721,3,0.1
-0.7136535048484802,0.6823261380195618,0.7309337258338928,45.213019609451294,3,0.1
-0.7054944634437561,0.6834284067153931,0.7314291596412659,45.31325364112854,3,0.1
-0.6978093981742859,0.6854914426803589,0.7330265045166016,45.4138081073761,3,0.1
-0.6904280781745911,0.6873880624771118,0.7351517081260681,45.51410508155823,3,0.1
-0.6828945279121399,0.6889178156852722,0.7373276948928833,45.614376068115234,3,0.1
-0.6748424172401428,0.6902825236320496,0.738548755645752,45.714659452438354,3,0.1
-0.6662915349006653,0.6902596354484558,0.7393244504928589,45.814996004104614,3,0.1
-0.6573629379272461,0.6895986199378967,0.7396387457847595,45.91516900062561,3,0.1
-0.6471118330955505,0.688351035118103,0.7397498488426208,46.01550507545471,3,0.1
-0.6373156905174255,0.6870222091674805,0.7397100925445557,46.115771532058716,3,0.1
-0.6272463798522949,0.6856437921524048,0.7399004697799683,46.216193437576294,3,0.1
-0.6171024441719055,0.6835835576057434,0.7395699620246887,46.31643223762512,3,0.1
-0.6071471571922302,0.6814354658126831,0.7388046979904175,46.416783571243286,3,0.1
-0.598048210144043,0.6793528199195862,0.7367990612983704,46.51700782775879,3,0.1
-0.5881139039993286,0.6760910749435425,0.7341192960739136,46.617289781570435,3,0.1
-0.5774750113487244,0.6729698181152344,0.7306825518608093,46.71743178367615,3,0.1
-0.5679865479469299,0.6691180467605591,0.7270902991294861,46.81762742996216,3,0.1
-0.5581561326980591,0.6654514074325562,0.7229406237602234,46.91785979270935,3,0.1
-0.5483621954917908,0.6621493697166443,0.7185602784156799,47.01808714866638,3,0.1
-0.5395305156707764,0.659156084060669,0.7144302129745483,47.11833953857422,3,0.1
-0.5304177403450012,0.6570152640342712,0.7103243470191956,47.21883249282837,3,0.1
-0.522104799747467,0.6550853848457336,0.706697404384613,47.31916689872742,3,0.1
-0.5142529606819153,0.6535353064537048,0.7034767866134644,47.41941714286804,3,0.1
-0.507050096988678,0.6531517505645752,0.7005968689918518,47.519747495651245,3,0.1
-0.5000796318054199,0.6520799994468689,0.6982068419456482,47.619986057281494,3,0.1
-0.49433013796806335,0.6512920260429382,0.695488691329956,47.720261096954346,3,0.1
-0.4894454777240753,0.6498751640319824,0.693927526473999,47.82041311264038,3,0.1
-0.4842202663421631,0.6494961380958557,0.6940909028053284,47.920783042907715,3,0.1
-0.47922804951667786,0.6487654447555542,0.6950756311416626,48.02098560333252,3,0.1
-0.4742526710033417,0.6480071544647217,0.6962887048721313,48.12128281593323,3,0.1
-0.4684433937072754,0.6472275257110596,0.698326051235199,48.2215621471405,3,0.1
-0.4627293050289154,0.6457124948501587,0.7004067897796631,48.321855306625366,3,0.1
-0.4570864140987396,0.6444952487945557,0.7024086713790894,48.4221978187561,3,0.1
-0.4507322609424591,0.6424758434295654,0.7046149969100952,48.52290749549866,3,0.1
-0.4443696141242981,0.6407360434532166,0.706406831741333,48.62305402755737,3,0.1
-0.4387449026107788,0.639314591884613,0.7072128653526306,48.723326444625854,3,0.1
-0.433106929063797,0.6374513506889343,0.7078160643577576,48.82348394393921,3,0.1
-0.427619069814682,0.6356405019760132,0.7082293033599854,48.923765420913696,3,0.1
-0.4222579598426819,0.6339221596717834,0.7083435654640198,49.02407479286194,3,0.1
-0.4168826937675476,0.6318362355232239,0.7083320617675781,49.124314069747925,3,0.1
-0.412181556224823,0.6294423937797546,0.7080877423286438,49.22457957267761,3,0.1
-0.4072839915752411,0.6277264952659607,0.7080541849136353,49.32492113113403,3,0.1
-0.40306058526039124,0.6255414485931396,0.7072588205337524,49.42529106140137,3,0.1
-0.39890751242637634,0.6232041120529175,0.7064979672431946,49.525675535202026,3,0.1
-0.3944455087184906,0.6201688051223755,0.7062063217163086,49.62593078613281,3,0.1
-0.39003172516822815,0.6169177889823914,0.705622673034668,49.72629499435425,3,0.1
-0.3859022259712219,0.613896906375885,0.704536497592926,49.82651686668396,3,0.1
-0.3818022608757019,0.6105116605758667,0.7034470438957214,49.92685866355896,3,0.1
-0.3774453401565552,0.6076678037643433,0.7028195858001709,50.02706718444824,3,0.1
-0.37347039580345154,0.6047930121421814,0.7023183107376099,50.12777519226074,3,0.1
-0.36924079060554504,0.6022846698760986,0.7023306488990784,50.22810196876526,3,0.1
-0.3649124205112457,0.598888099193573,0.7025074362754822,50.32828974723816,3,0.1
-0.3608972728252411,0.5964798331260681,0.7023317217826843,50.4285147190094,3,0.1
-0.356864333152771,0.5931545495986938,0.7020713686943054,50.5287652015686,3,0.1
-0.3529226779937744,0.589108943939209,0.7020077109336853,50.62906098365784,3,0.1
-0.34848612546920776,0.5857789516448975,0.7020223140716553,50.72932839393616,3,0.1
-0.34343066811561584,0.5819175243377686,0.7022204399108887,50.82966327667236,3,0.1
-0.3381863832473755,0.5787883996963501,0.7033111453056335,50.929943323135376,3,0.1
-0.332914799451828,0.5755115151405334,0.7048392295837402,51.03011155128479,3,0.1
-0.32816338539123535,0.5731375813484192,0.7065973281860352,51.13042402267456,3,0.1
-0.3228841722011566,0.5701263546943665,0.7086517214775085,51.23063516616821,3,0.1
-0.31779325008392334,0.5679531693458557,0.7105339765548706,51.330893754959106,3,0.1
-0.31271791458129883,0.5655210614204407,0.712624728679657,51.4312207698822,3,0.1
-0.3068988621234894,0.5625079870223999,0.7145369052886963,51.53146171569824,3,0.1
-0.3014117181301117,0.558989942073822,0.716111958026886,51.63165497779846,3,0.1
-0.29527273774147034,0.5551533102989197,0.7180164456367493,51.73200058937073,3,0.1
-0.28928107023239136,0.5519329309463501,0.720125675201416,51.832120180130005,3,0.1
-0.2841458320617676,0.5483624339103699,0.7221065163612366,51.93247985839844,3,0.1
-0.2788151204586029,0.5446216464042664,0.7247331738471985,52.032628297805786,3,0.1
-0.2735414206981659,0.5407612323760986,0.727630078792572,52.13294076919556,3,0.1
-0.2689417898654938,0.5377313494682312,0.7298138737678528,52.233248710632324,3,0.1
-0.2643584609031677,0.5339351296424866,0.7319870591163635,52.333563566207886,3,0.1
-0.2596086263656616,0.5300085544586182,0.7336715459823608,52.43391561508179,3,0.1
-0.2548571825027466,0.5254335403442383,0.7360497713088989,52.53408694267273,3,0.1
-0.2503037452697754,0.5215829610824585,0.7382118701934814,52.63434052467346,3,0.1
-0.24600665271282196,0.5177291035652161,0.7408599853515625,52.73460078239441,3,0.1
-0.2410030961036682,0.5132699012756348,0.7437840700149536,52.83486533164978,3,0.1
-0.23624923825263977,0.5094777345657349,0.7467608451843262,52.935118198394775,3,0.1
-0.23128251731395721,0.5053947567939758,0.7499650120735168,53.0353524684906,3,0.1
-0.22642399370670319,0.501336932182312,0.7530410289764404,53.135565996170044,3,0.1
-0.22104647755622864,0.4976159930229187,0.7560892105102539,53.23580002784729,3,0.1
-0.21534541249275208,0.49263477325439453,0.759246826171875,53.336118936538696,3,0.1
-0.21009156107902527,0.48782652616500854,0.7617815732955933,53.4363431930542,3,0.1
-0.20464865863323212,0.48261624574661255,0.7645461559295654,53.53668475151062,3,0.1
-0.19957686960697174,0.47741493582725525,0.7672079205513,53.63692903518677,3,0.1
-0.19493889808654785,0.47167444229125977,0.7705483436584473,53.73716640472412,3,0.1
-0.18976916372776031,0.46659716963768005,0.7736871838569641,53.83744263648987,3,0.1
-0.1848529875278473,0.46101444959640503,0.7763714790344238,53.937910079956055,3,0.1
-0.17885182797908783,0.4543054699897766,0.7796782851219177,54.03831958770752,3,0.1
-0.17335473001003265,0.44838592410087585,0.78251713514328,54.13849687576294,3,0.1
-0.16779351234436035,0.4422943890094757,0.7851981520652771,54.238759994506836,3,0.1
-0.16190609335899353,0.43604207038879395,0.7883546948432922,54.33900427818298,3,0.1
-0.1568388193845749,0.4302375912666321,0.791188657283783,54.43928074836731,3,0.1
-0.15152931213378906,0.4245608448982239,0.7943575978279114,54.53955793380737,3,0.1
-0.1462978571653366,0.4191007912158966,0.797635555267334,54.63975501060486,3,0.1
-0.1412346512079239,0.4134168028831482,0.8009913563728333,54.74002742767334,3,0.1
-0.13628627359867096,0.4076138138771057,0.8049605488777161,54.840296268463135,3,0.1
-0.13219861686229706,0.40184396505355835,0.808454692363739,54.94047236442566,3,0.1
-0.12824079394340515,0.3958640992641449,0.8123407959938049,55.04079580307007,3,0.1
-0.12435124814510345,0.3897048830986023,0.8164524435997009,55.14106774330139,3,0.1
-0.120592400431633,0.38345980644226074,0.8205638527870178,55.24143075942993,3,0.1
-0.11708253622055054,0.3765920102596283,0.8249895572662354,55.34168863296509,3,0.1
-0.11351124197244644,0.3695983588695526,0.8292068243026733,55.44210505485535,3,0.1
-0.11001872271299362,0.3627079129219055,0.8335389494895935,55.54226326942444,3,0.1
-0.10712092369794846,0.3562556803226471,0.8374335765838623,55.64258885383606,3,0.1
-0.10381320118904114,0.34881338477134705,0.8417066335678101,55.74279832839966,3,0.1
-0.1005825400352478,0.3424173593521118,0.8454532623291016,55.84315776824951,3,0.1
-0.09703884273767471,0.3351777493953705,0.8491427302360535,55.943403244018555,3,0.1
-0.09345316886901855,0.32789498567581177,0.8527214527130127,56.04371452331543,3,0.1
-0.09011111408472061,0.3207230567932129,0.8562839031219482,56.14391541481018,3,0.1
-0.08661580085754395,0.31351783871650696,0.8598299026489258,56.2441840171814,3,0.1
-0.08297767490148544,0.3056669235229492,0.8631799221038818,56.344327211380005,3,0.1
-0.07905884087085724,0.2975549101829529,0.8665200471878052,56.44467329978943,3,0.1
-0.07505873590707779,0.28936436772346497,0.8695710897445679,56.544864654541016,3,0.1
-0.07074134796857834,0.28112584352493286,0.8725781440734863,56.645190715789795,3,0.1
-0.06653644889593124,0.2723974883556366,0.8758887648582458,56.745511054992676,3,0.1
-0.06261388212442398,0.264348566532135,0.8787753582000732,56.84581708908081,3,0.1
-0.05883122608065605,0.25565361976623535,0.8820376396179199,56.946017026901245,3,0.1
-0.05543973296880722,0.247553750872612,0.8847641944885254,57.046404123306274,3,0.1
-0.05176478624343872,0.23845355212688446,0.8871694207191467,57.146666526794434,3,0.1
-0.0482068732380867,0.22857528924942017,0.8894246816635132,57.24687933921814,3,0.1
-0.04525497928261757,0.21970248222351074,0.8912022113800049,57.34713578224182,3,0.1
-0.04231182858347893,0.20987026393413544,0.8930112719535828,57.447468996047974,3,0.1
-0.039526063948869705,0.20047986507415771,0.8950136303901672,57.54776167869568,3,0.1
-0.037117645144462585,0.19040800631046295,0.8969213962554932,57.64808011054993,3,0.1
-0.03514852002263069,0.18103131651878357,0.8984813690185547,57.7483115196228,3,0.1
-0.03337908536195755,0.17082740366458893,0.8998680114746094,57.84858989715576,3,0.1
-0.031385865062475204,0.16022846102714539,0.9018758535385132,57.948906660079956,3,0.1
-0.029848337173461914,0.15003246068954468,0.9028580188751221,58.04916548728943,3,0.1
-0.027867773547768593,0.13917502760887146,0.9041725397109985,58.14952206611633,3,0.1
-0.02631182223558426,0.12846770882606506,0.9049983024597168,58.2497124671936,3,0.1
-0.024664659053087234,0.1179724782705307,0.9054057002067566,58.3500771522522,3,0.1
-0.023182177916169167,0.10678281635046005,0.9058480262756348,58.45030426979065,3,0.1
-0.02200847864151001,0.09633327275514603,0.9062581062316895,58.55061721801758,3,0.1
-0.02136753313243389,0.08618804067373276,0.906215250492096,58.65086388587952,3,0.1
-0.02064339816570282,0.07547891139984131,0.9060961604118347,58.751189947128296,3,0.1
-0.02001711167395115,0.06511514633893967,0.9060240387916565,58.85144853591919,3,0.1
-0.019934240728616714,0.054658111184835434,0.9063802361488342,58.95180034637451,3,0.1
-0.020051509141921997,0.04429858177900314,0.9067570567131042,59.052074909210205,3,0.1
-0.020409688353538513,0.03396829962730408,0.906749427318573,59.15232586860657,3,0.1
-0.020805319771170616,0.023564141243696213,0.9068716764450073,59.25249743461609,3,0.1
-0.021453583613038063,0.013141471892595291,0.9068449139595032,59.352808237075806,3,0.1
-0.022044705227017403,0.002739344257861376,0.9070375561714172,59.45298171043396,3,0.1
-0.02292129211127758,-0.007942702621221542,0.9070382118225098,59.55317711830139,3,0.1
-0.023955360054969788,-0.01848374865949154,0.9065206050872803,59.65335559844971,3,0.1
-0.024137752130627632,-0.029678288847208023,0.9063263535499573,59.753650426864624,3,0.1
-0.025097480043768883,-0.04084332659840584,0.905526340007782,59.853803396224976,3,0.1
-0.025813696905970573,-0.05192450061440468,0.9051232933998108,59.95410490036011,3,0.1
-0.02726811356842518,-0.06268808990716934,0.904216468334198,60.05436372756958,3,0.1
-0.028791265562176704,-0.07393644005060196,0.9032549858093262,60.15464544296265,3,0.1
-0.030827360227704048,-0.08441460132598877,0.9017113447189331,60.25486516952515,3,0.1
-0.032842084765434265,-0.09508398920297623,0.900322437286377,60.355114221572876,3,0.1
-0.034795939922332764,-0.10580181330442429,0.8985998034477234,60.45524716377258,3,0.1
-0.03705081716179848,-0.11675800383090973,0.896657407283783,60.55560564994812,3,0.1
-0.039224643260240555,-0.12761849164962769,0.8947352170944214,60.655792236328125,3,0.1
-0.04160603880882263,-0.13850824534893036,0.8926962614059448,60.75608420372009,3,0.1
-0.044409528374671936,-0.14898735284805298,0.8905218243598938,60.85632824897766,3,0.1
-0.04698513075709343,-0.15965735912322998,0.8880678415298462,60.95655107498169,3,0.1
-0.04995561018586159,-0.1700388491153717,0.8852301239967346,61.05688238143921,3,0.1
-0.05295349285006523,-0.180721715092659,0.8819878101348877,61.157155990600586,3,0.1
-0.055661771446466446,-0.19152188301086426,0.8791478276252747,61.2574999332428,3,0.1
-0.05907401442527771,-0.20220424234867096,0.8759739995002747,61.35786032676697,3,0.1
-0.0622902512550354,-0.21288777887821198,0.8723471760749817,61.45835304260254,3,0.1
-0.06535791605710983,-0.22465813159942627,0.8674893379211426,61.55857181549072,3,0.1
-0.0676410123705864,-0.23598185181617737,0.862838864326477,61.65874361991882,3,0.1
-0.07063838094472885,-0.2481756955385208,0.857207715511322,61.75908279418945,3,0.1
-0.07371252775192261,-0.25969868898391724,0.8513848781585693,61.85939931869507,3,0.1
-0.07694239169359207,-0.2713165879249573,0.8454274535179138,61.95973467826843,3,0.1
-0.08083952963352203,-0.28254231810569763,0.8391085863113403,62.05999827384949,3,0.1
-0.08492320030927658,-0.2937399446964264,0.8335252404212952,62.16023921966553,3,0.1
-0.08938152343034744,-0.30470624566078186,0.8279253840446472,62.26046872138977,3,0.1
-0.09478864073753357,-0.31492891907691956,0.8227285742759705,62.36080884933472,3,0.1
-0.10118930041790009,-0.32413148880004883,0.8175241351127625,62.46108627319336,3,0.1
-0.10753835737705231,-0.33367040753364563,0.8120133280754089,62.56147646903992,3,0.1
-0.1139906495809555,-0.34269800782203674,0.8064621686935425,62.66163873672485,3,0.1
-0.12052207440137863,-0.3523331582546234,0.8007891774177551,62.76189923286438,3,0.1
-0.12714171409606934,-0.36070552468299866,0.7956348657608032,62.86231470108032,3,0.1
-0.13454902172088623,-0.3696214258670807,0.7900212407112122,62.96260213851929,3,0.1
-0.1416686326265335,-0.37801268696784973,0.7846049070358276,63.06287097930908,3,0.1
-0.14878231287002563,-0.3866974711418152,0.7788172364234924,63.16325402259827,3,0.1
-0.15626412630081177,-0.3951146900653839,0.7728325724601746,63.26349663734436,3,0.1
-0.16323524713516235,-0.4036826193332672,0.7666065692901611,63.363759994506836,3,0.1
-0.17058411240577698,-0.4122949540615082,0.7604867815971375,63.46413803100586,3,0.1
-0.17783261835575104,-0.420796275138855,0.7545603513717651,63.564388275146484,3,0.1
-0.18553738296031952,-0.42889702320098877,0.749233067035675,63.664756774902344,3,0.1
-0.19413870573043823,-0.4361528158187866,0.7439485192298889,63.76501727104187,3,0.1
-0.20287202298641205,-0.4430854022502899,0.7388648986816406,63.86546730995178,3,0.1
-0.21182574331760406,-0.4500808119773865,0.733919084072113,63.96565818786621,3,0.1
-0.22074145078659058,-0.45714759826660156,0.7288625836372375,64.06591248512268,3,0.1
-0.23011071979999542,-0.4645078480243683,0.7236055731773376,64.16602778434753,3,0.1
-0.23861578106880188,-0.47187721729278564,0.7183213829994202,64.26636052131653,3,0.1
-0.2473938912153244,-0.4793325662612915,0.7130585312843323,64.36657881736755,3,0.1
-0.2563348114490509,-0.48596659302711487,0.7086002230644226,64.46689867973328,3,0.1
-0.2661615312099457,-0.49170956015586853,0.7051185369491577,64.56720113754272,3,0.1
-0.2767373025417328,-0.4963740408420563,0.7021660208702087,64.66741490364075,3,0.1
-0.2870675325393677,-0.5008455514907837,0.6990171670913696,64.76766157150269,3,0.1
-0.2974579632282257,-0.5053040981292725,0.6956444382667542,64.86796569824219,3,0.1
-0.30701306462287903,-0.5106593370437622,0.6910344958305359,64.9680860042572,3,0.1
-0.31567126512527466,-0.5173613429069519,0.6851444840431213,65.06833338737488,3,0.1
-0.3236863613128662,-0.5251075029373169,0.6786023378372192,65.1686143875122,3,0.1
-0.3318121135234833,-0.5333164930343628,0.6714572310447693,65.26893401145935,3,0.1
-0.3404398262500763,-0.5415611267089844,0.6643701195716858,65.36919569969177,3,0.1
-0.3494628071784973,-0.5493338108062744,0.6570391654968262,65.4694275856018,3,0.1
-0.3593593239784241,-0.5566867589950562,0.6499642133712769,65.56965041160583,3,0.1
-0.36997151374816895,-0.563042402267456,0.6435813307762146,65.67011046409607,3,0.1
-0.3818162679672241,-0.5691614151000977,0.6374648809432983,65.77035713195801,3,0.1
-0.3937268853187561,-0.574488639831543,0.6318899989128113,65.87065172195435,3,0.1
-0.406076580286026,-0.5790883898735046,0.626596212387085,65.97088885307312,3,0.1
-0.41854095458984375,-0.5833316445350647,0.6213961243629456,66.07120966911316,3,0.1
-0.4315420985221863,-0.5871203541755676,0.6168908476829529,66.17146229743958,3,0.1
-0.4446863532066345,-0.5904315710067749,0.6126953959465027,66.2718186378479,3,0.1
-0.45824867486953735,-0.5934587121009827,0.6093083620071411,66.37198328971863,3,0.1
-0.47207111120224,-0.5962825417518616,0.6063884496688843,66.47230100631714,3,0.1
-0.4861876368522644,-0.5986669659614563,0.6039612293243408,66.57247734069824,3,0.1
-0.5006923675537109,-0.6003127694129944,0.6021119952201843,66.67282581329346,3,0.1
-0.5152809023857117,-0.601539134979248,0.6008859276771545,66.77328276634216,3,0.1
-0.5299704670906067,-0.60234534740448,0.5995239615440369,66.87351298332214,3,0.1
-0.5442274808883667,-0.60298091173172,0.5983955264091492,66.97369313240051,3,0.1
-0.5591993927955627,-0.6040674448013306,0.5973247289657593,67.07384514808655,3,0.1
-0.5730686783790588,-0.6046351194381714,0.5967909693717957,67.17410516738892,3,0.1
-0.5882663130760193,-0.6052610278129578,0.5965583324432373,67.27436423301697,3,0.1
-0.6026125550270081,-0.6055334210395813,0.5966764092445374,67.37487769126892,3,0.1
-0.6172462701797485,-0.605214536190033,0.5971084833145142,67.47504353523254,3,0.1
-0.631987452507019,-0.6048218607902527,0.597798764705658,67.57533240318298,3,0.1
-0.6464617848396301,-0.6040062308311462,0.5985368490219116,67.6755747795105,3,0.1
-0.6602647304534912,-0.6028409600257874,0.5993541479110718,67.77590370178223,3,0.1
-0.6753859519958496,-0.6013762950897217,0.6000121831893921,67.87615203857422,3,0.1
-0.6898388862609863,-0.5995588898658752,0.6011239290237427,67.97638750076294,3,0.1
-0.7048653960227966,-0.5973117351531982,0.6028201580047607,68.07668733596802,3,0.1
-0.720102071762085,-0.5945704579353333,0.6046654582023621,68.17703604698181,3,0.1
-0.7352676391601562,-0.5917972326278687,0.6067706346511841,68.27725672721863,3,0.1
-0.7501969933509827,-0.5890824794769287,0.6088783144950867,68.37756514549255,3,0.1
-0.764986515045166,-0.5860260128974915,0.6110730767250061,68.47781085968018,3,0.1
-0.7797256112098694,-0.5827553868293762,0.6135612726211548,68.57812333106995,3,0.1
-0.7952110171318054,-0.5792933106422424,0.6165173649787903,68.67826247215271,3,0.1
-0.810202419757843,-0.5756390690803528,0.6192865371704102,68.77852725982666,3,0.1
-0.8254439234733582,-0.5713092088699341,0.622464656829834,68.8787534236908,3,0.1
-0.840634822845459,-0.5667285323143005,0.6256895065307617,68.97903966903687,3,0.1
-0.8558449745178223,-0.5619162917137146,0.6284579038619995,69.07919597625732,3,0.1
-0.8705121278762817,-0.5574244260787964,0.631128191947937,69.17946267127991,3,0.1
-0.8848041296005249,-0.5532727837562561,0.6338540315628052,69.27973747253418,3,0.1
-0.8989346027374268,-0.5489274859428406,0.636934220790863,69.38007307052612,3,0.1
-0.9126260280609131,-0.5443130731582642,0.6403905153274536,69.48026013374329,3,0.1
-0.9265877604484558,-0.5396116971969604,0.6440715789794922,69.58042693138123,3,0.1
-0.9404553771018982,-0.5339683890342712,0.6484295725822449,69.68076872825623,3,0.1
-0.9547999501228333,-0.5278094410896301,0.6533827185630798,69.78099155426025,3,0.1
-0.9691285490989685,-0.5209879875183105,0.6587929725646973,69.88133788108826,3,0.1
-0.9831142425537109,-0.5138219594955444,0.6644964218139648,69.9814944267273,3,0.1
-0.9974296689033508,-0.5061060190200806,0.6708919405937195,70.08182215690613,3,0.1
-1.0106537342071533,-0.4983268678188324,0.677517294883728,70.18212676048279,3,0.1
-1.0239503383636475,-0.4904578924179077,0.6847289800643921,70.28244996070862,3,0.1
-1.03705894947052,-0.48198047280311584,0.6919164061546326,70.38275647163391,3,0.1
-1.0502852201461792,-0.4729081988334656,0.6997206807136536,70.48294019699097,3,0.1
-1.063251256942749,-0.46362465620040894,0.7076705694198608,70.58312249183655,3,0.1
-1.0760419368743896,-0.45380693674087524,0.7157197594642639,70.68339228630066,3,0.1
-1.088558554649353,-0.44376206398010254,0.7233456969261169,70.78372645378113,3,0.1
-1.1006041765213013,-0.43339085578918457,0.7307344675064087,70.88405776023865,3,0.1
-1.1123549938201904,-0.42307552695274353,0.7379295825958252,70.98436379432678,3,0.1
-1.124024748802185,-0.412288635969162,0.7449560761451721,71.08464479446411,3,0.1
-1.1352685689926147,-0.4011077582836151,0.7522022128105164,71.1849012374878,3,0.1
-1.1463016271591187,-0.3897986114025116,0.7597982883453369,71.2851312160492,3,0.1
-1.1568028926849365,-0.37808871269226074,0.7675294876098633,71.3853530883789,3,0.1
-1.1671899557113647,-0.3658069670200348,0.7755759954452515,71.48570704460144,3,0.1
-1.176771640777588,-0.35383138060569763,0.7833826541900635,71.58593106269836,3,0.1
-1.1860600709915161,-0.34191086888313293,0.7910382151603699,71.68616676330566,3,0.1
-1.19511878490448,-0.33010146021842957,0.7981957197189331,71.78641676902771,3,0.1
-1.20364248752594,-0.31821975111961365,0.8049615025520325,71.88666653633118,3,0.1
-1.2120380401611328,-0.3062351644039154,0.8116628527641296,71.9869122505188,3,0.1
-1.2202425003051758,-0.2939595580101013,0.8185248374938965,72.08714818954468,3,0.1
-1.2288378477096558,-0.2812099754810333,0.824975848197937,72.18753719329834,3,0.1
-1.237374186515808,-0.2683805525302887,0.8314505219459534,72.28765535354614,3,0.1
-1.2457348108291626,-0.254823237657547,0.8381879329681396,72.3880262374878,3,0.1
-1.253704309463501,-0.24131692945957184,0.8445892333984375,72.48818063735962,3,0.1
-1.2612524032592773,-0.22879736125469208,0.8507905602455139,72.58846116065979,3,0.1
-1.2682626247406006,-0.2158145159482956,0.8565431237220764,72.6886875629425,3,0.1
-1.274714708328247,-0.203410804271698,0.8617762923240662,72.78903341293335,3,0.1
-1.280415654182434,-0.19124068319797516,0.8666045665740967,72.88930368423462,3,0.1
-1.2855044603347778,-0.17943282425403595,0.8709040880203247,72.98964095115662,3,0.1
-1.289920449256897,-0.16740860044956207,0.8744786381721497,73.08985424041748,3,0.1
-1.2937445640563965,-0.15526831150054932,0.8779172301292419,73.19008040428162,3,0.1
-1.296676516532898,-0.14411523938179016,0.880797803401947,73.2902660369873,3,0.1
-1.2992546558380127,-0.1317865252494812,0.8836577534675598,73.39076447486877,3,0.1
-1.301444172859192,-0.12008123844861984,0.8862218856811523,73.49100518226624,3,0.1
-1.3032660484313965,-0.10783171653747559,0.8887152075767517,73.59125328063965,3,0.1
-1.3050421476364136,-0.09503481537103653,0.8908709287643433,73.6915352344513,3,0.1
-1.306713581085205,-0.08235618472099304,0.8930932283401489,73.79191160202026,3,0.1
-1.30826735496521,-0.06878846883773804,0.8950056433677673,73.89206862449646,3,0.1
-1.3098899126052856,-0.05486215651035309,0.8967187404632568,73.99227285385132,3,0.1
-1.3109569549560547,-0.04088171571493149,0.8984280824661255,74.09252905845642,3,0.1
-1.3119752407073975,-0.026518726721405983,0.8997328877449036,74.19293093681335,3,0.1
-1.312375783920288,-0.01300852745771408,0.9006511569023132,74.2932116985321,3,0.1
-1.3124701976776123,0.0012554319109767675,0.9011201858520508,74.39355182647705,3,0.1
-1.3125288486480713,0.015508851036429405,0.9011899828910828,74.49382901191711,3,0.1
-1.3123993873596191,0.029645519331097603,0.9009751677513123,74.59428930282593,3,0.1
-1.3117386102676392,0.0435410775244236,0.9000763297080994,74.69427633285522,3,0.1
-1.3109804391860962,0.05653087794780731,0.8991169333457947,74.79479098320007,3,0.1
-1.3099268674850464,0.07001172751188278,0.8977704644203186,74.89493894577026,3,0.1
-1.3088719844818115,0.08256833255290985,0.8961241245269775,74.99527287483215,3,0.1
-1.307316541671753,0.09595365822315216,0.8946823477745056,75.09539675712585,3,0.1
-1.305835485458374,0.10863716155290604,0.8928422927856445,75.19565916061401,3,0.1
-1.3041856288909912,0.12120610475540161,0.8906946182250977,75.2960033416748,3,0.1
-1.3025181293487549,0.1339101791381836,0.8883712291717529,75.39614152908325,3,0.1
-1.3005688190460205,0.14618010818958282,0.8856637477874756,75.49648761749268,3,0.1
-1.2985584735870361,0.1582287698984146,0.8831546306610107,75.59668064117432,3,0.1
-1.2962514162063599,0.1698836386203766,0.8804476261138916,75.69688558578491,3,0.1
-1.293695092201233,0.18225999176502228,0.8778424859046936,75.79720401763916,3,0.1
-1.2910456657409668,0.1941084861755371,0.8751766681671143,75.89748454093933,3,0.1
-1.2881932258605957,0.20586726069450378,0.8724873065948486,75.9981095790863,3,0.1
-1.2851190567016602,0.21716205775737762,0.8701004385948181,76.09835815429688,3,0.1
-1.28233802318573,0.22861959040164948,0.8679266571998596,76.1986198425293,3,0.1
-1.279190182685852,0.2396916002035141,0.8656548261642456,76.2989411354065,3,0.1
-1.276094675064087,0.25147682428359985,0.8632506728172302,76.39915943145752,3,0.1
-1.2727205753326416,0.2624553442001343,0.8609738945960999,76.49955654144287,3,0.1
-1.2689186334609985,0.2742077112197876,0.858808159828186,76.59978580474854,3,0.1
-1.2649377584457397,0.28583016991615295,0.8565179705619812,76.69999694824219,3,0.1
-1.2609636783599854,0.2972721755504608,0.8543428778648376,76.80014610290527,3,0.1
-1.2565792798995972,0.3087094724178314,0.8522429466247559,76.90045714378357,3,0.1
-1.2521207332611084,0.32027584314346313,0.850304365158081,77.00074338912964,3,0.1
-1.247153401374817,0.33143895864486694,0.8484669923782349,77.10108017921448,3,0.1
-1.2418849468231201,0.3425956666469574,0.8462833762168884,77.20135259628296,3,0.1
-1.2360591888427734,0.35379260778427124,0.8439212441444397,77.3018217086792,3,0.1
-1.229676604270935,0.36427900195121765,0.8411594033241272,77.4020025730133,3,0.1
-1.223199486732483,0.37474268674850464,0.8380696773529053,77.50232791900635,3,0.1
-1.2163960933685303,0.3850221037864685,0.8348297476768494,77.60251569747925,3,0.1
-1.2093830108642578,0.395195871591568,0.8314587473869324,77.70280122756958,3,0.1
-1.2021042108535767,0.4055641293525696,0.8278141021728516,77.8029887676239,3,0.1
-1.1945711374282837,0.4146432876586914,0.8237645030021667,77.9031593799591,3,0.1
-1.1867613792419434,0.42381444573402405,0.8190727829933167,78.00342750549316,3,0.1
-1.1794322729110718,0.43291160464286804,0.8139896392822266,78.10370421409607,3,0.1
-1.172165870666504,0.4423573315143585,0.8091452717781067,78.20405960083008,3,0.1
-1.1645643711090088,0.45073968172073364,0.8045961260795593,78.30420804023743,3,0.1
-1.1567609310150146,0.4592689573764801,0.8002669215202332,78.40458512306213,3,0.1
-1.1492513418197632,0.46845144033432007,0.7960003018379211,78.50483345985413,3,0.1
-1.1412450075149536,0.47683557868003845,0.7917138934135437,78.60511755943298,3,0.1
-1.1333385705947876,0.48529380559921265,0.7877879738807678,78.70548558235168,3,0.1
-1.1249805688858032,0.49425339698791504,0.7835378050804138,78.80557990074158,3,0.1
-1.1168442964553833,0.5028578042984009,0.7800195813179016,78.90583753585815,3,0.1
-1.1083495616912842,0.5104013681411743,0.776608943939209,79.006094455719,3,0.1
-1.1001064777374268,0.5183936953544617,0.7737124562263489,79.10630679130554,3,0.1
-1.0915181636810303,0.52520751953125,0.771204948425293,79.2065258026123,3,0.1
-1.0830907821655273,0.532250165939331,0.7688144445419312,79.3066999912262,3,0.1
-1.0749046802520752,0.5382726192474365,0.7661876082420349,79.40691661834717,3,0.1
-1.0670380592346191,0.5445389747619629,0.7632947564125061,79.50727653503418,3,0.1
-1.059207558631897,0.5504233241081238,0.7603533864021301,79.60751080513,3,0.1
-1.0509437322616577,0.555381178855896,0.758244514465332,79.70776581764221,3,0.1
-1.0423966646194458,0.5600268244743347,0.7562438249588013,79.80803322792053,3,0.1
-1.0337858200073242,0.5641194581985474,0.7539535760879517,79.90825867652893,3,0.1
-1.0250972509384155,0.5682416558265686,0.7520013451576233,80.00851559638977,3,0.1
-1.0162297487258911,0.5718245506286621,0.7498866319656372,80.10875010490417,3,0.1
-1.0072805881500244,0.5751715302467346,0.7476159930229187,80.2090892791748,3,0.1
-0.9982026815414429,0.5783986449241638,0.7455424070358276,80.30931544303894,3,0.1
-0.9894581437110901,0.5817764401435852,0.7431548237800598,80.40948915481567,3,0.1
-0.980187177658081,0.5851961374282837,0.7408425211906433,80.50961375236511,3,0.1
-0.9717317819595337,0.5871878266334534,0.7373566627502441,80.60979294776917,3,0.1
-0.9631199240684509,0.5895920991897583,0.7339290380477905,80.71006488800049,3,0.1
-0.9545536637306213,0.5921766757965088,0.7314640879631042,80.81031847000122,3,0.1
-0.9464380741119385,0.5939129590988159,0.7294485569000244,80.91056489944458,3,0.1
-0.9374918341636658,0.5966387987136841,0.7277156710624695,81.0108118057251,3,0.1
-0.9286493062973022,0.5992596745491028,0.7264033555984497,81.11100006103516,3,0.1
-0.9199046492576599,0.6023520231246948,0.7244205474853516,81.21132802963257,3,0.1
-0.9102832078933716,0.6045224070549011,0.7216564416885376,81.31159114837646,3,0.1
-0.899456799030304,0.6063458323478699,0.7189796566963196,81.41184377670288,3,0.1
-0.8891107439994812,0.6084195971488953,0.7160104513168335,81.51203322410583,3,0.1
-0.8786153793334961,0.6096860766410828,0.7128873467445374,81.61230707168579,3,0.1
-0.8681716322898865,0.6109685301780701,0.7097944021224976,81.71261382102966,3,0.1
-0.858293354511261,0.612204909324646,0.7070135474205017,81.81297969818115,3,0.1
-0.8481797575950623,0.6137376427650452,0.7046800851821899,81.91317987442017,3,0.1
-0.8384824991226196,0.6150320172309875,0.7024062275886536,82.0133421421051,3,0.1
-0.8288914561271667,0.6166713237762451,0.7003738284111023,82.11351299285889,3,0.1
-0.8194411396980286,0.6180819869041443,0.6985031366348267,82.21377325057983,3,0.1
-0.8105980157852173,0.619835376739502,0.6970313191413879,82.31396269798279,3,0.1
-0.8023011684417725,0.6219064593315125,0.6957318186759949,82.41420555114746,3,0.1
-0.7934110164642334,0.6246702671051025,0.695186197757721,82.51460576057434,3,0.1
-0.7845194339752197,0.6265625357627869,0.6944634914398193,82.61486721038818,3,0.1
-0.7747530937194824,0.6282251477241516,0.6937568187713623,82.71510457992554,3,0.1
-0.7649305462837219,0.62990403175354,0.6931543946266174,82.81522464752197,3,0.1
-0.7553509473800659,0.6316093802452087,0.6929808855056763,82.91540765762329,3,0.1
-0.7457723617553711,0.6334189772605896,0.6929396986961365,83.01570582389832,3,0.1
-0.7364005446434021,0.6356708407402039,0.6934117078781128,83.11607813835144,3,0.1
-0.7269700765609741,0.6377107501029968,0.6943088173866272,83.21647262573242,3,0.1
-0.7179727554321289,0.6403059959411621,0.6948460936546326,83.31676936149597,3,0.1
-0.7088178396224976,0.642876386642456,0.6957579255104065,83.41693758964539,3,0.1
-0.6993593573570251,0.6454623937606812,0.6965007781982422,83.51723098754883,3,0.1
-0.6898080110549927,0.6479204297065735,0.6973219513893127,83.61741948127747,3,0.1
-0.679751455783844,0.6493811011314392,0.6983726024627686,83.71765518188477,3,0.1
-0.6702708601951599,0.6505875587463379,0.6998972296714783,83.8179337978363,3,0.1
-0.6608578562736511,0.6507437229156494,0.7018839120864868,83.91808819770813,3,0.1
-0.6518303155899048,0.6507927775382996,0.7043862342834473,84.01842641830444,3,0.1
-0.6428956389427185,0.650719940662384,0.7074596881866455,84.11866903305054,3,0.1
-0.6343016028404236,0.6500725150108337,0.7106929421424866,84.21898674964905,3,0.1
-0.6254936456680298,0.6489439010620117,0.7143414616584778,84.31913375854492,3,0.1
-0.6176004409790039,0.6485735177993774,0.7176486849784851,84.41931343078613,3,0.1
-0.6082876324653625,0.6467869281768799,0.721714437007904,84.5194878578186,3,0.1
-0.5998440980911255,0.6452852487564087,0.7253819108009338,84.61968207359314,3,0.1
-0.5918157696723938,0.6429461240768433,0.7291510105133057,84.71993041038513,3,0.1
-0.5836336016654968,0.6396690011024475,0.7334102392196655,84.82011294364929,3,0.1
-0.575842022895813,0.6370952129364014,0.7373490333557129,84.92027592658997,3,0.1
-0.5683455467224121,0.6338927149772644,0.7413111925125122,85.02046322822571,3,0.1
-0.5609794855117798,0.6313562393188477,0.7453615069389343,85.12063455581665,3,0.1
-0.553978443145752,0.6285610198974609,0.7484750151634216,85.22080302238464,3,0.1
-0.5464522838592529,0.6252004504203796,0.7514124512672424,85.32123398780823,3,0.1
-0.5390997529029846,0.6219834685325623,0.7538897395133972,85.42147016525269,3,0.1
-0.5319772958755493,0.6189417243003845,0.7558050155639648,85.52169799804688,3,0.1
-0.5251191258430481,0.6155931353569031,0.758303165435791,85.62193441390991,3,0.1
-0.5181930661201477,0.612393319606781,0.7609955668449402,85.7221748828888,3,0.1
-0.5121955871582031,0.6098573207855225,0.7632737755775452,85.82257318496704,3,0.1
-0.5050905346870422,0.6058701872825623,0.7657569050788879,85.92286586761475,3,0.1
-0.49782639741897583,0.6020024418830872,0.7675548791885376,86.02312850952148,3,0.1
-0.49038165807724,0.5981563329696655,0.7691015005111694,86.12346196174622,3,0.1
-0.48277339339256287,0.5937890410423279,0.7705724239349365,86.22360634803772,3,0.1
-0.4748634696006775,0.5899350047111511,0.7721105217933655,86.3239254951477,3,0.1
-0.46691855788230896,0.5855347514152527,0.7732105851173401,86.42407989501953,3,0.1
-0.4588776230812073,0.5809730887413025,0.7739681601524353,86.52438068389893,3,0.1
-0.4498380720615387,0.5763591527938843,0.7748297452926636,86.62452840805054,3,0.1
-0.4410579204559326,0.5715569853782654,0.7751747965812683,86.7248203754425,3,0.1
-0.4322200417518616,0.5666053891181946,0.7756122350692749,86.82509422302246,3,0.1
-0.4229968786239624,0.5618793368339539,0.7765023708343506,86.9253602027893,3,0.1
-0.4145718216896057,0.5566607713699341,0.7772581577301025,87.02566123008728,3,0.1
-0.4051743149757385,0.551444411277771,0.7784531116485596,87.1259355545044,3,0.1
-0.3965288996696472,0.5469852685928345,0.7799435257911682,87.2261483669281,3,0.1
-0.3884672224521637,0.5428731441497803,0.7814599871635437,87.3264389038086,3,0.1
-0.3805235028266907,0.5390099287033081,0.7831153869628906,87.42669081687927,3,0.1
-0.37303027510643005,0.535205602645874,0.7846454977989197,87.52695822715759,3,0.1
-0.36532917618751526,0.5310088396072388,0.7868908643722534,87.62714695930481,3,0.1
-0.3575299084186554,0.52742600440979,0.7894794344902039,87.72745060920715,3,0.1
-0.3496246635913849,0.5227549076080322,0.7921903133392334,87.827707529068,3,0.1
-0.3416866064071655,0.5179243683815002,0.7946195602416992,87.92800688743591,3,0.1
-0.33360832929611206,0.5132305026054382,0.7972912192344666,88.02830505371094,3,0.1
-0.32542404532432556,0.5085000991821289,0.8003371357917786,88.12861752510071,3,0.1
-0.31702759861946106,0.5033439993858337,0.8036308288574219,88.22893524169922,3,0.1
-0.3092523515224457,0.4988066852092743,0.8063787221908569,88.32920598983765,3,0.1
-0.3011627197265625,0.49389445781707764,0.8094435930252075,88.42946934700012,3,0.1
-0.2928551137447357,0.4894493520259857,0.8126875758171082,88.52980828285217,3,0.1
-0.28513455390930176,0.48483774065971375,0.8155025839805603,88.63004159927368,3,0.1
-0.2773149013519287,0.4795130789279938,0.8181757926940918,88.73018336296082,3,0.1
-0.26918044686317444,0.4740956425666809,0.8210604190826416,88.83048629760742,3,0.1
-0.2616686224937439,0.4687945246696472,0.8234435319900513,88.93079733848572,3,0.1
-0.2541937828063965,0.46371304988861084,0.8262210488319397,89.03106880187988,3,0.1
-0.24709178507328033,0.4582579731941223,0.8285956978797913,89.13137555122375,3,0.1
-0.24005953967571259,0.4524238705635071,0.8310719728469849,89.23157548904419,3,0.1
-0.23351553082466125,0.447449266910553,0.8330180644989014,89.3319320678711,3,0.1
-0.22678525745868683,0.4414542615413666,0.8355804085731506,89.43206739425659,3,0.1
-0.22031980752944946,0.43550965189933777,0.8381859064102173,89.53232908248901,3,0.1
-0.2139607071876526,0.42958858609199524,0.8413631319999695,89.63254475593567,3,0.1
-0.20812541246414185,0.42436492443084717,0.84449303150177,89.73281931877136,3,0.1
-0.20286795496940613,0.41876307129859924,0.8476065397262573,89.8329668045044,3,0.1
-0.1971742808818817,0.4130173623561859,0.8514490127563477,89.93316721916199,3,0.1
-0.1915934681892395,0.40712401270866394,0.8552001118659973,90.03359007835388,3,0.1
-0.18571706116199493,0.40079471468925476,0.8591504096984863,90.13406705856323,3,0.1
-0.18006134033203125,0.39493173360824585,0.8626561760902405,90.23432326316833,3,0.1
-0.17430712282657623,0.3891419768333435,0.8661487102508545,90.33456993103027,3,0.1
-0.16840317845344543,0.3838447630405426,0.8696421980857849,90.43483805656433,3,0.1
-0.1623256653547287,0.37808623909950256,0.8729197382926941,90.53515839576721,3,0.1
-0.15645357966423035,0.3727600574493408,0.8761152029037476,90.63545608520508,3,0.1
-0.15068621933460236,0.36649560928344727,0.8791760206222534,90.73574590682983,3,0.1
-0.14511707425117493,0.36019450426101685,0.8818167448043823,90.83607482910156,3,0.1
-0.13952946662902832,0.3536248207092285,0.8842170834541321,90.93629360198975,3,0.1
-0.1341354250907898,0.3465915620326996,0.8861130475997925,91.03655910491943,3,0.1
-0.12820619344711304,0.3396719992160797,0.8880059719085693,91.13683319091797,3,0.1
-0.12228667736053467,0.33212319016456604,0.8898456692695618,91.23716735839844,3,0.1
-0.11659427732229233,0.32506492733955383,0.8915133476257324,91.33746767044067,3,0.1
-0.11074637621641159,0.31723007559776306,0.8932251930236816,91.4377076625824,3,0.1
-0.1056806743144989,0.31071388721466064,0.8948614001274109,91.53817176818848,3,0.1
-0.10078155994415283,0.30418938398361206,0.8968220353126526,91.63843131065369,3,0.1
-0.09638530015945435,0.2977050840854645,0.89872145652771,91.73878240585327,3,0.1
-0.09201350063085556,0.2908790111541748,0.9002695083618164,91.83892631530762,3,0.1
-0.08742348849773407,0.28343936800956726,0.9012830257415771,91.93926548957825,3,0.1
-0.08235056698322296,0.27561575174331665,0.9018422365188599,92.03948664665222,3,0.1
-0.07746091485023499,0.26763179898262024,0.9020989537239075,92.13980317115784,3,0.1
-0.07260686904191971,0.2595805823802948,0.9023566842079163,92.2400164604187,3,0.1
-0.06755870580673218,0.25168392062187195,0.9023604393005371,92.34032607078552,3,0.1
-0.0627674087882042,0.24413348734378815,0.9018237590789795,92.44042158126831,3,0.1
-0.05765077844262123,0.23611022531986237,0.901370108127594,92.54067730903625,3,0.1
-0.05232555791735649,0.22778283059597015,0.9010619521141052,92.64083766937256,3,0.1
-0.04749111086130142,0.21972696483135223,0.9003675580024719,92.74120235443115,3,0.1
-0.042121756821870804,0.21144570410251617,0.9006024599075317,92.8415162563324,3,0.1
-0.03765834867954254,0.20333538949489594,0.9001282453536987,92.94187927246094,3,0.1
-0.032709334045648575,0.19474531710147858,0.9002771973609924,93.04202675819397,3,0.1
-0.028301645070314407,0.18618129193782806,0.9003671407699585,93.14231872558594,3,0.1
-0.02403162606060505,0.178199902176857,0.9004723429679871,93.24243021011353,3,0.1
-0.020527735352516174,0.1697191447019577,0.9009807705879211,93.34261322021484,3,0.1
-0.016453243792057037,0.16095690429210663,0.9015743732452393,93.44289517402649,3,0.1
-0.012825923971831799,0.15232329070568085,0.9013397097587585,93.54321455955505,3,0.1
-0.008944339118897915,0.14315982162952423,0.9006525278091431,93.64345383644104,3,0.1
-0.005423038266599178,0.13374456763267517,0.8994662761688232,93.74378156661987,3,0.1
-0.00211132038384676,0.1241738349199295,0.8980981111526489,93.844069480896,3,0.1
0.000660446472465992,0.114506296813488,0.8968069553375244,93.9442994594574,3,0.1
0.003909099381417036,0.1042461171746254,0.8961184620857239,94.04454469680786,3,0.1
0.005989054683595896,0.09484140574932098,0.8947579860687256,94.14495635032654,3,0.1
0.008156395517289639,0.08496895432472229,0.8939622044563293,94.24526047706604,3,0.1
0.010467207059264183,0.07498892396688461,0.8932486772537231,94.34563732147217,3,0.1
0.012690097093582153,0.06449083238840103,0.891948938369751,94.44584774971008,3,0.1
0.014758815057575703,0.054520878940820694,0.8907662630081177,94.54649496078491,3,0.1
0.015882862731814384,0.044756971299648285,0.88969886302948,94.64677238464355,3,0.1
0.017129043117165565,0.0350579209625721,0.889021635055542,94.74705672264099,3,0.1
0.017431899905204773,0.02514054626226425,0.8883906006813049,94.84731411933899,3,0.1
0.0172618068754673,0.015501432120800018,0.8876312375068665,94.94758319854736,3,0.1
0.01689583621919155,0.005913300905376673,0.8870846033096313,95.04772758483887,3,0.1
0.015883920714259148,-0.0036250294651836157,0.8866846561431885,95.14809322357178,3,0.1
0.014383469708263874,-0.012580071575939655,0.8865257501602173,95.24831366539001,3,0.1
0.012533414177596569,-0.021298205479979515,0.887104868888855,95.3486795425415,3,0.1
0.01056236494332552,-0.031087420880794525,0.8879485130310059,95.44894289970398,3,0.1
0.008428966626524925,-0.04028141498565674,0.888923704624176,95.54919409751892,3,0.1
0.005997150205075741,-0.05031144991517067,0.8899362683296204,95.64934587478638,3,0.1
0.004124428611248732,-0.060508280992507935,0.8910967707633972,95.74954009056091,3,0.1
0.001941021764650941,-0.07010012120008469,0.8923479318618774,95.849924325943,3,0.1
-0.0004887217655777931,-0.08068599551916122,0.8937843441963196,95.95019221305847,3,0.1
-0.0026710606180131435,-0.09198654443025589,0.8953989148139954,96.05044603347778,3,0.1
-0.005169477313756943,-0.1024954542517662,0.896763801574707,96.15065622329712,3,0.1
-0.0076009551994502544,-0.11364296823740005,0.8983447551727295,96.25103211402893,3,0.1
-0.01015443354845047,-0.12507988512516022,0.8993995189666748,96.35129642486572,3,0.1
-0.012313016690313816,-0.1370481699705124,0.900653600692749,96.45146656036377,3,0.1
-0.014744621701538563,-0.1483713984489441,0.9016114473342896,96.55182886123657,3,0.1
-0.017350774258375168,-0.15983246266841888,0.9023913741111755,96.65213203430176,3,0.1
-0.02039388194680214,-0.17088016867637634,0.9029495120048523,96.75231623649597,3,0.1
-0.02313646674156189,-0.18276898562908173,0.9039384126663208,96.85262441635132,3,0.1
-0.026664895936846733,-0.19389189779758453,0.9047669768333435,96.95285558700562,3,0.1
-0.03023907169699669,-0.20541152358055115,0.9050736427307129,97.05317544937134,3,0.1
-0.03397800773382187,-0.2167350798845291,0.9056195616722107,97.15355229377747,3,0.1
-0.03792402893304825,-0.22801890969276428,0.9051221609115601,97.25393223762512,3,0.1
-0.04246347397565842,-0.23957577347755432,0.904505729675293,97.35417008399963,3,0.1
-0.0471915602684021,-0.2510829567909241,0.9038094878196716,97.45451140403748,3,0.1
-0.052153006196022034,-0.2629045844078064,0.903303861618042,97.55471539497375,3,0.1
-0.05710698291659355,-0.27463918924331665,0.9020694494247437,97.65509295463562,3,0.1
-0.06224548816680908,-0.28643956780433655,0.9006242156028748,97.75529313087463,3,0.1
-0.06713605672121048,-0.29836949706077576,0.8995779156684875,97.85567045211792,3,0.1
-0.07230275124311447,-0.3097553551197052,0.8990256786346436,97.95598196983337,3,0.1
-0.07817678153514862,-0.320667564868927,0.8983768820762634,98.05630588531494,3,0.1
-0.08431887626647949,-0.3313749432563782,0.8982412815093994,98.15648102760315,3,0.1
-0.09085686504840851,-0.3420827388763428,0.8979707360267639,98.25685501098633,3,0.1
-0.09750205278396606,-0.35377275943756104,0.8979544043540955,98.3572371006012,3,0.1
-0.10391858220100403,-0.36482515931129456,0.8983229994773865,98.45734286308289,3,0.1
-0.11038864403963089,-0.3754860460758209,0.898215115070343,98.55772495269775,3,0.1
-0.11708912998437881,-0.3875349462032318,0.8980525135993958,98.65803050994873,3,0.1
-0.12366138398647308,-0.3989560306072235,0.8981671929359436,98.7581775188446,3,0.1
-0.13086941838264465,-0.4096470773220062,0.8985766172409058,98.85841536521912,3,0.1
-0.1385786533355713,-0.41956016421318054,0.8998404145240784,98.95858669281006,3,0.1
-0.14712196588516235,-0.42855867743492126,0.9016363024711609,99.058922290802,3,0.1
-0.15647181868553162,-0.4367004632949829,0.9038134813308716,99.15920972824097,3,0.1
-0.16595624387264252,-0.44460374116897583,0.9068434238433838,99.25942349433899,3,0.1
-0.17635077238082886,-0.45187923312187195,0.9097981452941895,99.35965943336487,3,0.1
-0.1864043027162552,-0.45909300446510315,0.9135238528251648,99.45989656448364,3,0.1
-0.19712401926517487,-0.46624982357025146,0.9175085425376892,99.56011533737183,3,0.1
-0.20804394781589508,-0.4731867015361786,0.9211677312850952,99.66034960746765,3,0.1
-0.21908657252788544,-0.48083263635635376,0.9257763028144836,99.76058793067932,3,0.1
-0.22969579696655273,-0.4889991581439972,0.930004894733429,99.86072325706482,3,0.1
-0.24049781262874603,-0.49728307127952576,0.9340417981147766,99.961012840271,3,0.1
-0.2515983283519745,-0.5056378841400146,0.9381394386291504,100.06126523017883,3,0.1
-0.26352497935295105,-0.5141816139221191,0.9425249695777893,100.16151428222656,3,0.1
-0.27439063787460327,-0.5220757126808167,0.9463785290718079,100.26171875,3,0.1
-0.2860982120037079,-0.5305846333503723,0.9504838585853577,100.36189937591553,3,0.1
-0.2974589765071869,-0.5382265448570251,0.9542436599731445,100.46203184127808,3,0.1
-0.3086794316768646,-0.5455494523048401,0.957112193107605,100.56236290931702,3,0.1
-0.32100164890289307,-0.5530256032943726,0.9591241478919983,100.66251516342163,3,0.1
-0.33305129408836365,-0.5602351427078247,0.9607561826705933,100.76272463798523,3,0.1
-0.34540554881095886,-0.5669304132461548,0.9619603753089905,100.8630018234253,3,0.1
-0.3579137325286865,-0.5736808776855469,0.9630719423294067,100.96323919296265,3,0.1
-0.3706653416156769,-0.5801768898963928,0.9644022583961487,101.06356954574585,3,0.1
-0.3833596706390381,-0.586426854133606,0.9662036299705505,101.163813829422,3,0.1
-0.39668792486190796,-0.5917631387710571,0.968166708946228,101.26415205001831,3,0.1
-0.4103580117225647,-0.5963373184204102,0.9704161882400513,101.36436295509338,3,0.1
-0.42450711131095886,-0.6001046895980835,0.9728054404258728,101.46453928947449,3,0.1
-0.43898922204971313,-0.6034150719642639,0.9756211042404175,101.56473016738892,3,0.1
-0.454196035861969,-0.6064224243164062,0.9789717197418213,101.66535806655884,3,0.1
-0.4687737226486206,-0.6091238260269165,0.9825181365013123,101.76565194129944,3,0.1
-0.48366034030914307,-0.6115493774414062,0.9858922958374023,101.86577892303467,3,0.1
-0.4985077679157257,-0.6139787435531616,0.988524317741394,101.96605563163757,3,0.1
-0.5134028792381287,-0.6165445446968079,0.990901529788971,102.06620669364929,3,0.1
-0.5284892916679382,-0.6190314888954163,0.9930620789527893,102.16649842262268,3,0.1
-0.544073760509491,-0.6213134527206421,0.9952318668365479,102.26677060127258,3,0.1
-0.560002863407135,-0.623221755027771,0.9974486231803894,102.36708474159241,3,0.1
-0.5759143233299255,-0.6249948740005493,0.9996037483215332,102.46736025810242,3,0.1
-0.5918896794319153,-0.6267125606536865,1.0014581680297852,102.56760144233704,3,0.1
-0.6075583100318909,-0.6282661557197571,1.0031830072402954,102.66788339614868,3,0.1
-0.6232409477233887,-0.6297851204872131,1.0045409202575684,102.76806855201721,3,0.1
-0.6383862495422363,-0.63080233335495,1.005594253540039,102.86824035644531,3,0.1
-0.6547443866729736,-0.6317839622497559,1.0066194534301758,102.96853637695312,3,0.1
-0.6705056428909302,-0.6319887638092041,1.0073134899139404,103.06865406036377,3,0.1
-0.6866578459739685,-0.6321524977684021,1.0075820684432983,103.1688437461853,3,0.1
-0.7028647065162659,-0.6319913268089294,1.0080183744430542,103.269211769104,3,0.1
-0.7192966938018799,-0.6314828395843506,1.008476972579956,103.36934018135071,3,0.1
-0.7359502911567688,-0.6301174759864807,1.0089678764343262,103.46962070465088,3,0.1
-0.7526002526283264,-0.6287429928779602,1.0093986988067627,103.57006788253784,3,0.1
-0.7699657082557678,-0.6266538500785828,1.0094937086105347,103.67031002044678,3,0.1
-0.7866774797439575,-0.6241132020950317,1.0094165802001953,103.77064561843872,3,0.1
-0.8033937215805054,-0.6212203502655029,1.009140968322754,103.87090873718262,3,0.1
-0.8196019530296326,-0.6181645393371582,1.0087223052978516,103.97117495536804,3,0.1
-0.8370826840400696,-0.6141371130943298,1.0080980062484741,104.07146573066711,3,0.1
-0.8541448712348938,-0.6100353598594666,1.0076669454574585,104.17175936698914,3,0.1
-0.8710148930549622,-0.605499267578125,1.0070558786392212,104.27199649810791,3,0.1
-0.8876923322677612,-0.6004676818847656,1.006488561630249,104.3722403049469,3,0.1
-0.904139518737793,-0.5947899222373962,1.0055373907089233,104.47241687774658,3,0.1
-0.9204651117324829,-0.5887603759765625,1.0045967102050781,104.57293248176575,3,0.1
-0.9363909363746643,-0.5823614597320557,1.0035459995269775,104.67322564125061,3,0.1
-0.9516724944114685,-0.575041651725769,1.0030696392059326,104.77357363700867,3,0.1
-0.9673474431037903,-0.5665193796157837,1.003104329109192,104.87383508682251,3,0.1
-0.9819798469543457,-0.5571125745773315,1.0030564069747925,104.97413802146912,3,0.1
-0.9966410994529724,-0.5473212003707886,1.0029032230377197,105.07437086105347,3,0.1
-1.01071035861969,-0.5370740294456482,1.0022220611572266,105.17460465431213,3,0.1
-1.0245412588119507,-0.5265614986419678,1.0012154579162598,105.27495002746582,3,0.1
-1.0381593704223633,-0.5159711241722107,0.9998862743377686,105.37520122528076,3,0.1
-1.0516144037246704,-0.5050019025802612,0.9982905387878418,105.47556447982788,3,0.1
-1.0645958185195923,-0.49423152208328247,0.9966276288032532,105.5758101940155,3,0.1
-1.0769932270050049,-0.4836469888687134,0.9949381947517395,105.67611694335938,3,0.1
-1.0889489650726318,-0.47278696298599243,0.9930474162101746,105.77630662918091,3,0.1
-1.100357174873352,-0.4617255926132202,0.9909470677375793,105.87657618522644,3,0.1
-1.111539363861084,-0.45054492354393005,0.9886266589164734,105.97673869132996,3,0.1
-1.1223554611206055,-0.4385240972042084,0.9862176179885864,106.07705068588257,3,0.1
-1.1329410076141357,-0.4265168309211731,0.9831539392471313,106.1771867275238,3,0.1
-1.1433134078979492,-0.4141271114349365,0.9796743988990784,106.27741146087646,3,0.1
-1.1535379886627197,-0.401206910610199,0.9758041501045227,106.37769079208374,3,0.1
-1.1624895334243774,-0.38900044560432434,0.9716641902923584,106.47780990600586,3,0.1
-1.1703450679779053,-0.37749987840652466,0.9671342372894287,106.5781455039978,3,0.1
-1.1784675121307373,-0.3648533821105957,0.9620293974876404,106.67838215827942,3,0.1
-1.1852715015411377,-0.35363826155662537,0.9569257497787476,106.77869510650635,3,0.1
-1.1923191547393799,-0.3410215377807617,0.9512770175933838,106.8789312839508,3,0.1
-1.198887825012207,-0.3286168575286865,0.9463973641395569,106.97928643226624,3,0.1
-1.2059824466705322,-0.31520798802375793,0.9414924383163452,107.0794587135315,3,0.1
-1.2124911546707153,-0.30180051922798157,0.9370421171188354,107.17975234985352,3,0.1
-1.2190024852752686,-0.2885931730270386,0.932995080947876,107.27994418144226,3,0.1
-1.2251240015029907,-0.27502015233039856,0.9297035932540894,107.38020396232605,3,0.1
-1.2312084436416626,-0.26145467162132263,0.9269411563873291,107.48045778274536,3,0.1
-1.2371324300765991,-0.24775494635105133,0.9244874715805054,107.58072972297668,3,0.1
-1.242711067199707,-0.23392166197299957,0.9220723509788513,107.68089652061462,3,0.1
-1.2477768659591675,-0.2197158932685852,0.9200353622436523,107.78137230873108,3,0.1
-1.2527778148651123,-0.20543384552001953,0.91847163438797,107.88158845901489,3,0.1
-1.2572824954986572,-0.19006668031215668,0.9172939658164978,107.98204445838928,3,0.1
-1.2614086866378784,-0.17470338940620422,0.9163718223571777,108.08226275444031,3,0.1
-1.264664649963379,-0.15952998399734497,0.9155248403549194,108.18260931968689,3,0.1
-1.2673753499984741,-0.14442548155784607,0.9146345853805542,108.28276920318604,3,0.1
-1.269697666168213,-0.12927968800067902,0.9140052795410156,108.38301587104797,3,0.1
-1.2713098526000977,-0.11449748277664185,0.913348376750946,108.48318457603455,3,0.1
-1.2724674940109253,-0.10000592470169067,0.9123878479003906,108.58358144760132,3,0.1
-1.2734955549240112,-0.08443013578653336,0.9110367894172668,108.68381404876709,3,0.1
-1.2737666368484497,-0.06956615298986435,0.9098201990127563,108.78405380249023,3,0.1
-1.2740932703018188,-0.05403861775994301,0.9083779454231262,108.88417363166809,3,0.1
-1.2741811275482178,-0.03890755772590637,0.9067397713661194,108.98444199562073,3,0.1
-1.2735897302627563,-0.023654082790017128,0.9051605463027954,109.08467125892639,3,0.1
-1.2730566263198853,-0.008660842664539814,0.9033990502357483,109.18504238128662,3,0.1
-1.271958351135254,0.007716027088463306,0.9014752507209778,109.28540921211243,3,0.1
-1.2707794904708862,0.022145504131913185,0.8995175957679749,109.38576984405518,3,0.1
-1.2691121101379395,0.037253689020872116,0.8975865244865417,109.48588967323303,3,0.1
-1.2672817707061768,0.05195336788892746,0.8959511518478394,109.58619832992554,3,0.1
-1.2653751373291016,0.0667896717786789,0.8947108387947083,109.68653392791748,3,0.1
-1.2633978128433228,0.08097520470619202,0.8936305046081543,109.78685402870178,3,0.1
-1.261675238609314,0.0956619456410408,0.8931728601455688,109.88712906837463,3,0.1
-1.2598932981491089,0.1101599857211113,0.8930133581161499,109.98740124702454,3,0.1
-1.2576154470443726,0.12458350509405136,0.893120527267456,110.0876362323761,3,0.1
-1.255610704421997,0.13884621858596802,0.8934627771377563,110.18788290023804,3,0.1
-1.2531871795654297,0.1527818739414215,0.8940423727035522,110.28818273544312,3,0.1
-1.2503294944763184,0.16702938079833984,0.8951035737991333,110.3884596824646,3,0.1
-1.2474013566970825,0.18043780326843262,0.8967636823654175,110.48874402046204,3,0.1
-1.244423747062683,0.1940581053495407,0.8986839056015015,110.58909344673157,3,0.1
-1.2412608861923218,0.20788651704788208,0.9012740254402161,110.6892318725586,3,0.1
-1.2382713556289673,0.22226965427398682,0.9040646553039551,110.78989005088806,3,0.1
-1.2352312803268433,0.23564384877681732,0.9070913195610046,110.8901515007019,3,0.1
-1.2323997020721436,0.24908161163330078,0.9102151989936829,110.99043202400208,3,0.1
-1.2292296886444092,0.26214703917503357,0.9133874177932739,111.09068822860718,3,0.1
-1.2260355949401855,0.27491727471351624,0.9165629148483276,111.19103169441223,3,0.1
-1.222551703453064,0.28737300634384155,0.919787585735321,111.29130816459656,3,0.1
-1.2187588214874268,0.29944080114364624,0.9230872988700867,111.39162993431091,3,0.1
-1.2146985530853271,0.3112022876739502,0.9268645644187927,111.49177145957947,3,0.1
-1.2109746932983398,0.32286590337753296,0.9308188557624817,111.59202837944031,3,0.1
-1.2070318460464478,0.3343357443809509,0.9351071119308472,111.69216108322144,3,0.1
-1.2034856081008911,0.3457123935222626,0.9397070407867432,111.79240131378174,3,0.1
-1.1996833086013794,0.3566618859767914,0.9442414045333862,111.89254450798035,3,0.1
-1.1959642171859741,0.3676861822605133,0.9488106369972229,111.99287533760071,3,0.1
-1.1918479204177856,0.3783613443374634,0.9536029696464539,112.0929663181305,3,0.1
-1.1877983808517456,0.3881329298019409,0.9579477310180664,112.19329977035522,3,0.1
-1.1831119060516357,0.39828991889953613,0.9623795747756958,112.29351210594177,3,0.1
-1.1785519123077393,0.40771371126174927,0.966407299041748,112.39383745193481,3,0.1
-1.1734905242919922,0.4157714247703552,0.9708535671234131,112.49398827552795,3,0.1
-1.1685385704040527,0.42424914240837097,0.9747503995895386,112.59425497055054,3,0.1
-1.1629561185836792,0.43177178502082825,0.9782565832138062,112.6946313381195,3,0.1
-1.1571840047836304,0.43919533491134644,0.981680154800415,112.79491591453552,3,0.1
-1.1514157056808472,0.44698718190193176,0.9850671887397766,112.89517021179199,3,0.1
-1.1458948850631714,0.4544353783130646,0.9883497953414917,112.99557733535767,3,0.1
-1.1404145956039429,0.4620339870452881,0.9922417998313904,113.09581804275513,3,0.1
-1.1356486082077026,0.47013673186302185,0.9966774582862854,113.19614839553833,3,0.1
-1.1310737133026123,0.47792375087738037,1.0013158321380615,113.29648756980896,3,0.1
-1.1264241933822632,0.4853033423423767,1.0056514739990234,113.39684319496155,3,0.1
-1.1213126182556152,0.4926668703556061,1.0102776288986206,113.49695777893066,3,0.1
-1.1163803339004517,0.499876469373703,1.0144187211990356,113.59728026390076,3,0.1
-1.1109099388122559,0.5067185163497925,1.0189470052719116,113.69754958152771,3,0.1
-1.1051069498062134,0.5123715400695801,1.0232000350952148,113.79789614677429,3,0.1
-1.0994592905044556,0.5183060765266418,1.0275031328201294,113.8980119228363,3,0.1
-1.0934875011444092,0.5233242511749268,1.032252311706543,113.9983057975769,3,0.1
-1.087361216545105,0.5288485288619995,1.0366172790527344,114.0985975265503,3,0.1
-1.081329584121704,0.5339425802230835,1.040847659111023,114.19894886016846,3,0.1
-1.0753302574157715,0.5386061668395996,1.044731855392456,114.29920768737793,3,0.1
-1.068725824356079,0.5435518026351929,1.0491178035736084,114.39948320388794,3,0.1
-1.0626204013824463,0.5489439368247986,1.053133249282837,114.4997308254242,3,0.1
-1.0561957359313965,0.5535441637039185,1.0571321249008179,114.60006427764893,3,0.1
-1.0499255657196045,0.5587990880012512,1.0610177516937256,114.70020484924316,3,0.1
-1.0430773496627808,0.5630701184272766,1.0646029710769653,114.80052328109741,3,0.1
-1.0361088514328003,0.5678887367248535,1.068677306175232,114.90069770812988,3,0.1
-1.0294240713119507,0.573151707649231,1.0726008415222168,115.00102710723877,3,0.1
-1.0218113660812378,0.5779682397842407,1.0765489339828491,115.10113763809204,3,0.1
-1.0140693187713623,0.5821134448051453,1.0804566144943237,115.2014970779419,3,0.1
-1.0062536001205444,0.5866562724113464,1.0840567350387573,115.30177068710327,3,0.1
-0.9981105923652649,0.5910904407501221,1.0880773067474365,115.40210127830505,3,0.1
-0.990023136138916,0.5955684185028076,1.092103123664856,115.50234603881836,3,0.1
-0.981281578540802,0.5998368263244629,1.0963537693023682,115.60265350341797,3,0.1
-0.9729779362678528,0.6040199398994446,1.100342035293579,115.70286321640015,3,0.1
-0.9645256996154785,0.6078563332557678,1.1042550802230835,115.8031759262085,3,0.1
-0.9562891125679016,0.6119775176048279,1.108727216720581,115.90347146987915,3,0.1
-0.9482678174972534,0.6164472103118896,1.1138036251068115,116.00384473800659,3,0.1
-0.9400184750556946,0.6211025714874268,1.1187697649002075,116.1039924621582,3,0.1
-0.9311968088150024,0.6254113912582397,1.1235382556915283,116.20425391197205,3,0.1
-0.9217245578765869,0.6289558410644531,1.1276391744613647,116.30476355552673,3,0.1
-0.9118340015411377,0.6317155361175537,1.13161039352417,116.40513896942139,3,0.1
-0.9017778038978577,0.6346496939659119,1.135055422782898,116.50531578063965,3,0.1
-0.8909458518028259,0.6367835402488708,1.1384135484695435,116.60565686225891,3,0.1
-0.8810833692550659,0.6387855410575867,1.141487956047058,116.70597386360168,3,0.1
-0.8711515665054321,0.6414530873298645,1.1447428464889526,116.80631494522095,3,0.1
-0.8611961007118225,0.6439784169197083,1.1478724479675293,116.90655970573425,3,0.1
-0.851065456867218,0.6455625891685486,1.1509395837783813,117.00692486763,3,0.1
-0.8408193588256836,0.6475551724433899,1.1545007228851318,117.1071548461914,3,0.1
-0.8307687044143677,0.6495409607887268,1.1581237316131592,117.20752811431885,3,0.1
-0.8204477429389954,0.6505568027496338,1.1617177724838257,117.30781888961792,3,0.1
-0.8102436065673828,0.6516790986061096,1.1650511026382446,117.40805697441101,3,0.1
-0.7996261715888977,0.6518896818161011,1.1683019399642944,117.50838732719421,3,0.1
-0.7895535230636597,0.6527569890022278,1.1715202331542969,117.60863876342773,3,0.1
-0.77901291847229,0.6523805856704712,1.1746490001678467,117.70899963378906,3,0.1
-0.7686107158660889,0.6524847745895386,1.1776158809661865,117.80919218063354,3,0.1
-0.7582728862762451,0.6517630219459534,1.1801270246505737,117.90974020957947,3,0.1
-0.7476117014884949,0.6507144570350647,1.182266116142273,118.00999307632446,3,0.1
-0.7372591495513916,0.6498481631278992,1.18427574634552,118.11026406288147,3,0.1
-0.7267410159111023,0.6489424705505371,1.1858386993408203,118.2104880809784,3,0.1
-0.7159554362297058,0.6475142240524292,1.1866618394851685,118.31074047088623,3,0.1
-0.7052912712097168,0.6466989517211914,1.187752366065979,118.41102504730225,3,0.1
-0.6942141652107239,0.6464192867279053,1.1891908645629883,118.51135802268982,3,0.1
-0.6837542057037354,0.6464869976043701,1.190487027168274,118.61158490180969,3,0.1
-0.6733667254447937,0.6467840075492859,1.1914833784103394,118.71196389198303,3,0.1
-0.6630114316940308,0.6471668481826782,1.192386507987976,118.81208276748657,3,0.1
-0.6529585123062134,0.6476229429244995,1.1934467554092407,118.91233325004578,3,0.1
-0.6427701115608215,0.647877037525177,1.1943424940109253,119.01261711120605,3,0.1
-0.6333141326904297,0.6489306688308716,1.1946123838424683,119.11286163330078,3,0.1
-0.6227788925170898,0.6487650871276855,1.1950442790985107,119.2133731842041,3,0.1
-0.6126716136932373,0.6492063999176025,1.1949018239974976,119.31361627578735,3,0.1
-0.6018037796020508,0.6495475769042969,1.1945786476135254,119.41394138336182,3,0.1
-0.590837836265564,0.649925172328949,1.1941601037979126,119.51415371894836,3,0.1
-0.5797975063323975,0.6495371460914612,1.193495512008667,119.61452460289001,3,0.1
-0.5686948895454407,0.6495192646980286,1.192344069480896,119.7148060798645,3,0.1
-0.5576867461204529,0.6489612460136414,1.1911427974700928,119.8151535987854,3,0.1
-0.5469019412994385,0.6485560536384583,1.190004825592041,119.91542506217957,3,0.1
