vx,vy,vz,ax,ay,az,t,id
-0.09001478552818298,0.004516243934631348,0.14448761940002441,0.29365623490551984,-0.2344889370793608,-0.4664077225600558,5.095414161682129,1
-0.2941204607486725,-0.33217743039131165,-0.05369424819946289,2.140525000660434,1.694676953796195,0.860694714168124,5.095414161682129,5
-0.004268405689663161,-0.001875189835621657,0.021220147544106217,-0.2758760765211827,-0.1956614475854926,0.47362382095725447,5.558559417724609,1
0.011966240147852992,0.014501832718137217,0.05116295232358801,0.11957737702925453,-0.6227016842277658,0.008097250301356284,5.558559417724609,5
-0.005339923585420583,-0.001840115632643985,0.029664220591505447,-0.34972174429309955,-0.10129438821192496,0.3574412956698264,5.676513910293579,1
0.006870994804617219,0.017796586613297753,0.044067762346614914,0.15315862367992464,-0.6517445965405526,0.049521061217780354,5.676513910293579,5
-0.032655253652881924,-0.00909641159522178,0.07723927240556024,-0.10170333370891065,-0.1447091999800172,0.037295706921035315,5.797261714935303,1
-0.015909586852587282,-0.010179958371265905,0.06258232437630953,0.3019336155398884,-0.4733372136348365,-0.10738814689299239,5.797261714935303,5
-0.03493972566574027,-0.009969308884158716,0.06820522974728152,-0.08638734733797435,-0.14515051365416948,0.10390762196160351,5.8984503746032715,1
-0.032684152588119096,-0.046503552343438774,0.03462061584953339,0.4079704581599866,-0.234459932478138,0.10830972821940064,5.8984503746032715,5
-0.04957584646711036,-0.01948249939544322,0.08769490384918674,0.0030642163061521017,-0.08298113843817789,-0.050463238297048095,6.034519910812378,1
-0.04248172310948961,-0.07721986240638132,0.05549568399028504,0.4564743105881815,-0.03753551214920567,-0.044914972062540845,6.034519910812378,5
-0.08246735151279859,-0.03403350236155207,0.12535994912480855,0.21388166576945794,0.01206451262682796,-0.34437590440970245,6.134735107421875,1
-0.04693004184817947,-0.11913720581825457,0.10625197986904879,0.46692082140473123,0.23266861447504195,-0.43331720484474245,6.134735107421875,5
-0.06344812019686596,-0.02582138654241051,0.08890294393703338,0.08262908858823499,-0.04173135307002913,-0.0674536682527424,6.234825134277344,1
-0.02445414600098147,-0.08181437569381911,0.08583465546074354,0.30659347386562763,-0.016498878339341768,-0.2811321759652279,6.234825134277344,5
-0.03741987618147673,-0.017148817868712377,0.058675746374345146,-0.09229349926813105,-0.09886377841036444,0.16177300343720805,6.335024118423462,1
-0.008984697630024921,-0.049113401534283355,0.04871813791412678,0.1952691006890693,-0.2348463529295278,0.0033654154186504963,6.335024118423462,5
-0.06867269079569123,-0.028305008394151263,0.09963613734364006,0.10665597613249543,-0.02510058217474714,-0.1568712891874094,6.4377171993255615,1
-0.011782578711132061,-0.08275945241804963,0.08678019862674936,0.1986161301316027,-0.01657835326482086,-0.29258732566448553,6.4377171993255615,5
-0.06568166612836247,-0.028537812024177548,0.10027799566280626,0.08088957962335848,-0.01776975212495457,-0.1680733134614721,6.541078805923462,1
-0.012350476399206386,-0.08599870806994879,0.08455336132515111,0.1806410551783724,-0.0029985246958765853,-0.27454472667223456,6.541078805923462,5
-0.07974849617986925,-0.031482818914398664,0.10388593773757032,0.1698772164190779,-0.007115388224865748,-0.20124877611970743,6.64145302772522,1
-0.020738255711190513,-0.1042191301125133,0.08915063858902235,0.2184090157902375,0.1161946408707185,-0.31288236262412084,6.64145302772522,5
-0.06677783238549931,-0.026448664841208547,0.089291815862763,0.0750564812063344,-0.031513993039923846,-0.09361162732829487,6.743343114852905,1
-0.023367326639986894,-0.09901091764375483,0.07856022841629806,0.21545923554916355,0.07961558337880363,-0.22937451608565185,6.743343114852905,5
-0.07221602202555813,-0.027310008808378566,0.09004376518984131,0.10599357146504947,-0.03361662383243101,-0.1047251474043291,6.846758842468262,1
-0.029346946351901642,-0.1036382408146136,0.07306342493739595,0.2331330605337172,0.1084286132147073,-0.18368617008829216,6.846758842468262,5
-0.07668855957507702,-0.028825850533294572,0.0962082338969377,0.12910684576371723,-0.023326279857884918,-0.15874743724748122,6.952573776245117,1
-0.03651174870591841,-0.11215355007650687,0.07741616356920886,0.25849048093049326,0.16585843251046795,-0.21428017830243934,6.952573776245117,5
-0.0830580446628339,-0.029040808419242062,0.096153200104815,0.16044195452866983,-0.023387310801707726,-0.16495098311615983,7.059044599533081,1
-0.04250158454292376,-0.1175532081675069,0.08054181289627571,0.2745317246145865,0.2034967891307353,-0.23678685565573357,7.059044599533081,5
-0.08500505674413554,-0.029667363524471475,0.09909295359108022,0.16647954779185492,-0.013002511670021163,-0.1960885411594385,7.164438724517822,1
-0.04202075188242108,-0.12200045703011873,0.08006398421662322,0.2514687252336799,0.24786503382389266,-0.22065234744982898,7.164438724517822,5
-0.08873945273111242,-0.02817856871064097,0.09970082380472213,0.1840549917732669,-0.02990608089980612,-0.20915386289670906,7.264733552932739,1
-0.04198633492513461,-0.1163986843857613,0.07874897737866479,0.22635200795667548,0.2231425118570134,-0.20014229475742007,7.264733552932739,5
-0.08548889678205034,-0.02655292826038822,0.09191983725736216,0.15138652891619983,-0.041691852086352094,-0.15788560334269766,7.368120193481445,1
-0.03783979675621817,-0.11651603670012547,0.08316573178832386,0.1717777894272695,0.21799762058525404,-0.24307391833046482,7.368120193481445,5
-0.0890179387209943,-0.025715421580867225,0.09262294510277101,0.16677521073662444,-0.046337511464249886,-0.1734176415108834,7.470689058303833,1
-0.03432181126215037,-0.10643181960844487,0.09122802123074134,0.10902685355203035,0.13940528040454533,-0.31577025450780755,7.470689058303833,5
-0.09273848898138169,-0.026449165269437518,0.0950097605655663,0.18070761259842927,-0.04601323536320831,-0.20338440020063758,7.579781770706177,1
-0.033895831921530735,-0.1049763582269654,0.0952513154356841,0.08319687371366141,0.15525443171058662,-0.33925426221543103,7.579781770706177,5
-0.10030073556413652,-0.02843495098093765,0.1049831410035276,0.21808411042592918,0.09815987481181007,-0.2604069700005362,7.686919212341309,1
-0.03612471206169391,-0.11078113350322157,0.10815686099952149,0.05221662148831585,0.17464667972264794,-0.4698157037726308,7.686919212341309,5
-0.1002348698383994,-0.02368304508485992,0.08903025801659832,0.21060326602282098,-0.0696976554537521,-0.18513826278131143,7.790299892425537,1
-0.03466016819748211,-0.10270351157222665,0.1015562649640862,0.013927389204545462,0.12995819400228403,-0.4354124766357265,7.790299892425537,5
-0.10659182977179678,-0.024405846735881975,0.09562919999308998,0.24170006249164472,-0.06872475394909729,-0.25253569591015146,7.9007275104522705,1
-0.03876383082557396,-0.10792794582548759,0.10644769119145922,-0.005798689091382713,0.16917548891299938,-0.48851265268296123,7.9007275104522705,5
-0.10349480832469932,-0.023739245011036532,0.09604374070904095,0.21066592821315827,-0.06893420041900077,-0.27251375006032164,8.006598949432373,1
-0.0480244042524438,-0.09904274967340872,0.11051398711653677,0.08186184246957093,0.2416886448848173,-0.32620874577702474,8.006598949432373,5
-0.11253906197156424,-0.023733106965544298,0.09628747807343876,0.26124570235759337,-0.06811663542561236,-0.2936702719977389,8.112360715866089,1
-0.05634421657354924,-0.10429884606539414,0.11090668867214099,0.037899270878040674,0.16655904761866902,-0.5712539518029971,8.112360715866089,5
-0.10961630667399516,-0.025601384617183753,0.09069242553589596,0.22713649755307933,-0.07488985485266061,-0.2731916038052051,8.214315176010132,1
-0.05458098958028792,-0.09751844791898118,0.11102197378115096,-0.0026370603554371308,0.1365834760339483,-0.6040592675952785,8.214315176010132,5
-0.11588479387396552,-0.031622946497525645,0.09317027417364097,0.2576120368140251,-0.03929768252890571,-0.3141720543438322,8.316516637802124,1
-0.059867719559399624,-0.10094564357659994,0.1126594446531357,-0.0045313001676657375,0.17548836408559707,-0.6460946170369384,8.316516637802124,5
-0.1188713345643541,-0.031054162537518804,0.08556782615515139,0.26714825661729186,-0.04738779213546903,-0.2781936202197797,8.416862487792969,1
-0.0608178921026928,-0.09646996475668328,0.11270494238204896,-0.029027966716827037,0.16931083245229595,-0.6766077888760005,8.416862487792969,5
-0.12107101042988283,-0.03503293156205687,0.08118726210911262,0.2726138151535581,-0.024897007554375485,-0.2681042297444126,8.519105911254883,1
-0.06367283705873572,-0.09372492816628107,0.10640486230315695,-0.04918239965198011,0.16494235286909456,-0.6640023665074611,8.519105911254883,5
-0.172304643679694,-0.046544570703161287,0.11682556846194336,0.5879911316123848,0.04250184150422779,-0.579689611268392,8.619328737258911,1
-0.09860168007983594,-0.13320956221225597,0.14698435910932428,0.14177703511368164,0.45791646899203087,-1.02414202289244,8.619328737258911,5
-0.12790930310103368,-0.035689872814747774,0.08106154432429857,0.2883059616236737,-0.033711985604023186,-0.3344168770457888,8.719485521316528,1
-0.07605511360929834,-0.09120748582860953,0.10097770685466584,-0.02765282186751778,0.20745122631956725,-0.7070527531169049,8.719485521316528,5
-0.08800436412838923,-0.023770444940993743,0.047938711629258716,0.022004495451438663,-0.11523901776554361,-0.09988998780116783,8.81958818435669,1
-0.050139535382313846,-0.05873766633475152,0.060721415197267176,-0.20906574671519995,0.011535678548329336,-0.4215986552459808,8.81958818435669,5
-0.1317637473041681,-0.036980944467589025,0.07811180135660475,0.30638228872266354,-0.03251205837703725,-0.3646130202505822,8.923189878463745,1
-0.087339487233783,-0.09042343837391563,0.09437310543723688,0.015555140139357673,0.2490401210907908,-0.7150924044319799,8.923189878463745,5
-0.14712765644881695,-0.05347872467855924,0.08353391598355561,0.3957776766176114,0.07175900511533834,-0.44767158300541016,9.028699159622192,1
-0.0949456562273285,-0.08925080402566554,0.0875297483846034,0.045093178148056676,0.2713786335510256,-0.6963883663525796,9.028699159622192,5
-0.11670034611002429,-0.02458832254874562,0.055520562375045684,0.19312606815260822,-0.12518690647346487,-0.2661924093712156,9.139621019363403,1
-0.09995861727970419,-0.08936894038738526,0.07539501687555088,0.06286759437238193,0.30557706214218017,-0.635022327666683,9.139621019363403,5
-0.13349088146958976,-0.0392701447640972,0.05254076951216387,0.30241104334395924,-0.03241708970830563,-0.27557443907697265,9.241963148117065,1
-0.10353091120063562,-0.08823957724130378,0.07264301075769897,0.07746304882678492,0.33010594882509225,-0.6441394271847306,9.241963148117065,5
-0.1260241124358889,-0.03512178334332467,0.05316947534359111,0.24204918544068207,-0.06774799371009316,-0.31941257493820757,9.349361896514893,1
-0.10515802970758675,-0.08202890827949111,0.07111392348853215,0.07811593660082039,0.32193547949898205,-0.6625761975590406,9.349361896514893,5
-0.12584001337152462,-0.03292680693029635,0.049598281850673956,0.24252723326685846,-0.08766562110398117,-0.328151814899968,9.453509092330933,1
-0.10837546279441967,-0.07511522636571577,0.06705567728832808,0.0969435192305795,0.30654291470784517,-0.6604475085486412,9.453509092330933,5
-0.12801109467962798,-0.04111819925166912,0.04044278148692478,0.25924292083935324,-0.036537206249942646,-0.29104524905878776,9.557836294174194,1
-0.1080542711316619,-0.07058001357692563,0.059924755489626454,0.08698407116941372,0.3118712500561417,-0.6287055398754797,9.557836294174194,5
-0.12859929322135022,-0.040382188260131256,0.037220615907109095,0.2737851586706508,-0.04901725932436468,-0.30354976227844277,9.661751508712769,1
-0.11371879159208775,-0.06758628206893387,0.05544081876176052,0.1281797424989647,0.31430638543746625,-0.6231714435443573,9.661751508712769,5
-0.13049722815819628,-0.040738663764307174,0.02933661618507851,0.28660002031303244,-0.04548911931898387,-0.27165207013811987,9.769545316696167,1
-0.11861209921114223,-0.06403496546811607,0.050199537215239155,0.1538629575058501,0.31943108194671427,-0.6091650074266868,9.769545316696167,5
-0.12853589724552678,-0.04769629731765005,0.028262783322550195,0.27168157855087505,-0.0046366831190477915,-0.30258299576480957,9.881957292556763,1
-0.12356204193757094,-0.05901965359608837,0.04449264448522003,0.19793949962106558,0.31527908257077025,-0.5880011632766743,9.881957292556763,5
-0.18588002506426887,-0.0729973005877714,0.01339580340273658,0.6606842836603087,0.16160378056575,-0.22133094691366967,9.982046127319336,1
-0.1825456672408576,-0.07216162641373675,0.05229902721093298,0.5863117508186756,0.43546305753779413,-0.6755728971989006,9.982046127319336,5
-0.12155758439009517,-0.05220312217151459,0.010386198420335559,0.24221758408651609,0.02429716998797214,-0.22410906777834258,10.082251787185669,1
-0.1296071561276308,-0.04253327489781724,0.028149086786268925,0.24457706431949033,0.2617339835996024,-0.5072032493903715,10.082251787185669,5
-0.08421141867378769,-0.039427621299084635,0.0006830087837434276,-0.005311873522532336,-0.062275349279129644,-0.1729284210111152,10.206008434295654,1
-0.09035681188069214,-0.026713446506636457,0.013704489361825107,-0.013649822044470421,0.17522810211983808,-0.4117375078778411,10.206008434295654,5
-0.12787565487069766,-0.059405154811526854,-0.00212357496942841,0.28977760275372316,0.06899135509895848,-0.18077406450493325,10.332950115203857,1
-0.14727335228051852,-0.0374297698724728,0.014250775325580391,0.3752233189055388,0.27218852174239766,-0.43424391374155336,10.332950115203857,5
-0.1252950321930116,-0.06251725128574889,-0.007494803490251967,0.2801352138638355,0.08981953062321829,-0.1668754767101679,10.459941625595093,1
-0.1537556635853758,-0.03329850216591653,0.00726854172886518,0.4206228089509669,0.27361826244612175,-0.40042670714009376,10.459941625595093,5
-0.1186507747318236,-0.061681525625744936,-0.016239332538736592,0.24876020917165004,0.08765505043945288,-0.11783725991986878,10.584978580474854,1
-0.14992657926102504,-0.027289630512514897,0.0024104886769964243,0.4098622149546047,0.2583672092210985,-0.3787757083524475,10.584978580474854,5
-0.11402306254397086,-0.061628820012288636,-0.02228754299631155,0.2742062679969589,0.06709063034716967,-0.1343128849006382,10.713434934616089,1
-0.14867349533792826,-0.021179338009946,0.0021310206437984143,0.4184353053831036,0.24107736886406123,-0.39272199649739054,10.713434934616089,5
-0.1151572516498921,-0.06520371639181591,-0.03196321410008033,0.23616833220494424,0.10907577053925042,-0.03134684386948909,10.834547996520996,1
-0.15311609097638962,-0.018508619603395865,0.0012187150530013073,0.46286522268294833,0.24586619982989735,-0.4019398727551322,10.834547996520996,5
-0.11280270387941388,-0.06542757626711507,-0.026056367103050683,0.22745389748228442,0.1099932381991947,-0.09501186732237468,10.961610317230225,1
-0.14912200861758348,-0.01212269922531828,-0.000525462406918088,0.44181619466867694,0.22874002585196654,-0.4089168238178228,10.961610317230225,5
-0.10137378920617393,-0.06184842444565332,-0.03296140074535372,0.16031517008294316,0.08783424207542878,-0.05092001981614032,11.079084396362305,1
-0.15967407013469956,-0.008452213733020469,-0.0019039809033557155,0.5293023186481358,0.22455340462793263,-0.41410888462325496,11.079084396362305,5
-0.10209826859898787,-0.06465013335235537,-0.03231367327285913,0.1734153283158899,0.09911983004294601,-0.07386306682742007,11.19944977760315,1
-0.15233772821482214,-0.003985709700046366,-0.007806958100016248,0.49760730311797385,0.2143260915880644,-0.38304307016573913,11.19944977760315,5
-0.10052558390955657,-0.06947935945277381,-0.03882548926225341,0.16422398691914564,0.13735751329705911,-0.02801649076951592,11.318108558654785,1
-0.16250801286881802,-0.00019894019134429313,-0.013805243581164583,0.5846641567035402,0.20885885069868973,-0.3488450856086901,11.318108558654785,5
-0.10473507740552111,-0.07804822829857538,-0.04071695063035823,0.19670675034722337,0.19509131603433857,-0.024580768285163073,11.445550441741943,1
-0.16819422667450015,0.0048993559830707,-0.01878164420777685,0.6384109841990856,0.19707108801591974,-0.32602217530763966,11.445550441741943,5
-0.08544529631986045,-0.06593166453016061,-0.04291639685017964,0.1607070806991476,0.07872179013960785,-0.11667260098240687,11.571861028671265,1
-0.15844395022664584,0.006865452980189963,-0.02359250190208824,0.5973063424395079,0.20124591237742606,-0.29824428304923306,11.571861028671265,5
-0.08998585079768691,-0.06935245184486459,-0.04636085250652777,0.1914024846930858,0.10209030679848953,-0.0931721432012434,11.711406707763672,1
-0.16109029173331146,0.010723830811084226,-0.029006719162257857,0.6357918333024948,0.19746794308199192,-0.2674116318297883,11.711406707763672,5
-0.0878230208969145,-0.07503677706071558,-0.04953844360164871,0.17710341354044193,0.14141732568493218,-0.0704173088136021,11.850478887557983,1
-0.16365020471706523,0.013454489030320071,-0.02859609357318721,0.6759115810030252,0.2005141345844646,-0.2808884493686462,11.850478887557983,5
-0.09387574493493456,-0.08403760065746198,-0.06776959960106099,0.13253319088545543,0.22894811387252026,0.1731821987582523,11.995857238769531,1
-0.18527985604076003,0.017663959502441696,-0.038945764307753886,0.8456454005234667,0.1982907117670154,-0.211001115674819,11.995857238769531,5
-0.06161667455496832,-0.061587093423785856,-0.05301513896558071,-0.08486026290146183,0.07669326209258753,0.06262538193329721,12.14094090461731,1
-0.12836608621913703,0.01497996700060477,-0.029008407614840526,0.49183955077826363,0.23196703802243243,-0.2924519835709487,12.14094090461731,5
-0.07192525845516484,-0.07628407840516059,-0.06276148978633111,-0.01671545712048656,0.17329971080556622,0.14649974934838908,12.292200326919556,1
-0.15839699470005328,0.019045205613340353,-0.039549394179201884,0.7131468063856904,0.22884247610483546,-0.21877530140499166,12.292200326919556,5
-0.07368729922900705,-0.07377257890593045,-0.05442055894967771,-0.004721818749830574,0.15465770839532522,0.08622582537412635,12.439692497253418,1
-0.15123320071198426,0.02046065575625694,-0.04026494091856316,0.6900680709858269,0.24000001535657106,-0.2162674877925297,12.439692497253418,5
-0.07733196049037137,-0.07723264873089603,-0.05296707423945249,0.02186481273950916,0.17320555483272856,0.07663825488414926,12.588253736495972,1
-0.15171466266905068,0.022326888568594532,-0.04575884616989654,0.7234722388891065,0.24384202875530445,-0.1714584708493258,12.588253736495972,5
-0.09425806483886998,-0.06844732883999052,-0.06502229440622176,0.1443560785907569,0.096796186864084,0.17022294322230588,12.731251955032349,1
-0.16031545667681615,0.02680372918549546,-0.05164815191545134,0.8065379405196563,0.23329418944585864,-0.12459407055852947,12.731251955032349,5
-0.07138483766675521,-0.04819561787706601,-0.04961595278049539,0.0009876541785179681,-0.04819712602754324,0.06379883427923246,12.87846302986145,1
-0.11275576151817705,0.025458718568383405,-0.039285066378131825,0.509522068222583,0.25721365972643323,-0.21924221926769383,12.87846302986145,5
-0.08197934423098897,-0.06375214642492091,-0.054106343712872915,0.07680409508420773,0.034023752990885434,0.09868480455083009,13.030794382095337,1
-0.1284646076640479,0.032507869572499466,-0.04969218270869825,0.6330829674642492,0.22520157168333274,-0.13811396171543927,13.030794382095337,5
-0.10344977231283643,-0.0979779492313241,-0.06881595933652196,0.22986267682439124,0.24705427065346441,0.21788751593961536,13.172279119491577,1
-0.1640131252970382,0.049594426973260664,-0.06791262610430802,0.8927875324193332,0.12793073507472646,0.008060210056698774,13.172279119491577,5
-0.04987514872774419,-0.05360556957612815,-0.030813542983874266,-0.11992397700981901,-0.05187350417039331,-0.07611776793138263,13.306351900100708,1
-0.0760908035121979,0.028116879998719473,-0.03486854156996028,0.3261706606306399,0.2733612333691648,-0.24146745349748677,13.306351900100708,5
-0.07266306598766871,-0.08088050351376413,-0.04802815035657454,0.03801683615317197,0.1207041271566165,0.05896916534273604,13.448554515838623,1
-0.11112792583115487,0.04706817423440856,-0.05657654908286648,0.5715481894406717,0.15853162373994442,-0.07066405521560962,13.448554515838623,5
-0.07492771484097265,-0.08852498493353828,-0.046229490990594466,0.06049719365079374,0.16286952831967536,0.04528742774685704,13.589408874511719,1
-0.10737562551209041,0.05174610134142295,-0.055250746551642416,0.5606405756851136,0.136392002640638,-0.07701822029737314,13.589408874511719,5
-0.06384748822883846,-0.08305412121304075,-0.03248216835500441,-0.0036266351342079547,0.12451543474069952,-0.06880498618375601,13.730855941772461,1
-0.1017798771719542,0.05233256966184357,-0.051774566873515435,0.5376135934808279,0.1382019885524307,-0.09957166783247978,13.730855941772461,5
-0.0673842782702274,-0.09015825450992608,-0.04072385375661975,0.025189741883775364,0.16351884472471798,-0.001917617001832602,13.865574598312378,1
-0.09595186344198692,0.05937110602928266,-0.05549970264223613,0.5112240350739371,0.0984728778943672,-0.06589378820296425,13.865574598312378,5
-0.06190858278995052,-0.08658698394744856,-0.04279471972080838,-0.0049108068874830005,0.1302814118508624,0.01677271638345298,14.0135657787323,1
-0.08830595070643794,0.060052058409825845,-0.052913160256441244,0.470743580937514,0.10116089515712583,-0.08248107339434817,14.0135657787323,5
-0.05926364823912071,-0.09000871599447086,-0.04400079488700623,-0.01520294676918926,0.14445278267236078,0.03119413068481665,14.176766872406006,1
-0.0836786610829751,0.06395516194361563,-0.04964390815548224,0.4514705962200453,0.08047876966274554,-0.10394774802037605,14.176766872406006,5
-0.05694662026858812,-0.08902320489022876,-0.04820090426520042,-0.02513023466353345,0.12299624865522528,0.07199846428129998,14.339778661727905,1
-0.0793981999534849,0.06795080516463858,-0.04824698054118415,0.43325108069532114,0.05853753389603999,-0.11176588512694927,14.339778661727905,5
-0.05104316981045297,-0.08597347663863034,-0.0428421131303143,-0.0555540638382119,0.0963213678204369,0.04172944513072744,14.50567889213562,1
-0.07473151815845602,0.07049947970863683,-0.044495691067660874,0.41170484457477585,0.045304218599676316,-0.13850939580236157,14.50567889213562,5
-0.06523129985863742,-0.11933392384108248,-0.057267045383883004,0.04850591435498491,0.29883544484335184,0.16529222380507702,14.67823314666748,1
-0.09386171340291376,0.09975786648905373,-0.05875390888953682,0.5497607782920674,-0.14736896486814388,-0.023879979407618483,14.67823314666748,5
-0.02995110889756291,-0.05904173310528639,-0.028871360675801414,-0.17953834525114293,-0.10535547847887494,-0.0407265457790924,14.863509893417358,1
-0.043996844406865604,0.04887935904910087,-0.028047714833218152,0.2280465650381699,0.19136735100176983,-0.25973530314866305,14.863509893417358,5
-0.04328768412262165,-0.09786662144872534,-0.04315438267708509,-0.08330056492550708,0.14425843713148762,0.08493367925991097,15.045962810516357,1
-0.0634475674446505,0.08029892849161573,-0.04143714640811414,0.3626710041410701,-0.01193058637981495,-0.15704127652412236,15.045962810516357,5
-0.03805665628832909,-0.09970029601849231,-0.039230705726955376,-0.10499361527370316,0.1456337539642252,0.06825062574748282,15.248140573501587,1
-0.054635460892537034,0.0844059581092556,-0.045198249834890084,0.30624278512711195,-0.04099540153778665,-0.12093961876313371,15.248140573501587,5
-0.03446596228402694,-0.10272332608130737,-0.039272808631581155,-0.08988943232985726,0.15373697718874754,0.06789019938833625,15.452757596969604,1
-0.053300642893849684,0.08125973750540406,-0.042330545556667765,0.2698679977754172,-0.021106967641195407,-0.1229195183739827,15.452757596969604,5
-0.0341158151357101,-0.1329571669408684,-0.044441571317105556,1.5976892310889739,0.8049861176160508,-1.30448427962544,15.663920879364014,1
-0.06608337163124252,0.10065706791207327,-0.0531729300215334,-1.326257300950532,-0.6084322128525169,1.3798823328454735,15.663920879364014,5
-0.01757132193230099,-0.08079127635810542,-0.02429295452121838,-0.21689155737439783,-0.017080900821607084,0.009502555921437218,15.876336812973022,1
-0.037882146926267464,0.06078654775468511,-0.035142082606035775,0.21494378635127612,0.12961281758356874,-0.17859238708347608,15.876336812973022,5
0.008156002279617736,-0.10697979200135284,-0.08762527740290486,-0.40216304951829207,0.1522295683050755,0.5795134933878329,16.093477725982666,1
-0.05940183094152825,0.0899993301701258,-0.04721916284442707,0.37519524565919743,-0.051823234572476624,-0.08075118161014584,16.093477725982666,5
0.06522493227637478,-0.089182905571243,-0.1623663776376652,-0.8055368813492545,0.04739808600381784,1.2792732236983049,16.284568786621094,1
-0.1429564310304597,0.06897983451852277,0.014075658301088444,0.976473561474056,0.0804763250895065,-0.5526548513612719,16.284568786621094,5
0.04836411299131224,-0.07355757112369557,-0.08847821337948882,-0.7283051339368848,-0.006969669765837092,0.6742351687895155,16.426466464996338,1
-0.17952242517938463,0.06809768270345662,0.008479389672150431,1.2211845047531285,0.09368612401092662,-0.4950037720778241,16.426466464996338,5
0.006643131557930104,-0.08274631826443778,-0.043490608906392,-0.42669769190646584,0.015542718650374184,0.43314704484699407,16.5649995803833,1
-0.08944861749882956,0.0860754144749525,-0.027762764726942248,0.6850169640677842,-0.02759717663072344,-0.21908245370475318,16.5649995803833,5
-0.006302478089440029,-0.09539797374137708,-0.03710239228584854,-0.33268729545321685,0.0938409514188843,0.403305394076931,16.70509171485901,1
-0.04805937472335151,0.0964764772177845,-0.030435589423004897,0.42094765629168657,-0.09673365477727805,-0.19381167054530288,16.70509171485901,5
-0.009128570109066036,-0.09882635121809961,-0.02322177925673331,-0.13013127372090286,0.19246807445842648,0.059242154823748554,16.89613914489746,1
-0.04032809679891558,0.09267523834011927,-0.02554339550105721,0.09546452639877637,-0.15854542759912324,0.02120664905636539,16.89613914489746,5
-0.01247441311286073,-0.12446232089179003,-0.004161575069477744,-0.09456132690228534,-0.03877058086383301,0.08246285831562744,17.08111596107483,1
-0.05111061269315844,0.10626678938060398,-0.029713014380217277,0.09456132697533383,0.03877058091910607,-0.08246285831110357,17.08111596107483,5
-0.013030068393537264,-0.13587619633250975,0.012063577715644768,0.7387214745382934,0.34114780054195293,-0.6887317970843819,17.210158109664917,1
-0.05067885344268415,0.1145363062315549,-0.037494479176099035,-0.7387214745099343,-0.34114780052211857,0.688731797083918,17.210158109664917,5
-0.004502104109608443,-0.1129031124800167,0.001823502647619621,0.43378546258359435,0.22460954683920228,-0.4269304812223999,17.3448543548584,1
-0.04077652886533876,0.09759434855810512,-0.029058311365732666,-0.43378546254083095,-0.22460954681546505,0.42693048122382576,17.3448543548584,5
0.004363313653227496,-0.12373707887772332,-0.0067659534755959054,0.5761301787792963,0.34443941506407866,-0.5989025906454349,17.480273246765137,1
-0.04777898883111441,0.10663155883694272,-0.023014806741125902,-0.5761301786454407,-0.34443941491106295,0.5989025906566193,17.480273246765137,5
0.034172706845615526,-0.13365834181012465,-0.028681175003840233,-0.08925727326135002,0.3186259215697425,0.09892119090176014,17.61377191543579,1
-0.0797133936577228,0.12212261682343149,-0.003403517295333493,0.08925726008481306,-0.26209510174346906,-0.09892112467012461,17.61377191543579,5
0.05626815799107386,-0.11896967578979958,-0.03827957659264567,-0.6672595456702883,0.22359875336918522,0.5088600829458327,17.766838550567627,1
-0.10561661227382835,0.10752724185470491,0.019181069734474674,0.9023236952407928,-0.17765974122173822,-0.5342561206921774,17.766838550567627,5
0.07439073049340067,-0.13857968790469216,-0.05777341439426553,-0.7841421441565294,0.3636323447760569,0.689619464377559,17.90309238433838,1
-0.14854783330008295,0.1239843320698188,0.045024517781954494,1.2173264403958894,-0.29727510683918434,-0.7316490315595103,17.90309238433838,5
0.04434686386085055,-0.10208453641683338,-0.017325351422964062,-0.5807131891294479,0.12391595851365261,0.39288685397274625,18.028723001480103,1
-0.1019942754973826,0.09041252576595592,0.0274855843510016,0.9307133747398988,-0.08451373319100679,-0.5941784518565051,18.028723001480103,5
0.025448028673835124,-0.11894467492638688,0.008226794231366241,-0.44401044284938146,0.2312611161533851,0.2058207487708671,18.155458211898804,1
-0.0961335478226512,0.11185594408225853,0.014932407642593064,0.9114088224938088,-0.23257443737577996,-0.4925202302124446,18.155458211898804,5
0.003283720183524998,-0.12542383253132683,0.026366931702000017,-0.2817747782254203,0.2685078534522549,0.0714573164717705,18.268341779708862,1
-0.07434684703715283,0.12030876369889057,0.0033048441473945704,0.782618887729412,-0.29600393691590887,-0.3974126205124342,18.268341779708862,5
-0.01802735486884552,-0.10926460982089421,0.02672615311469735,-0.12034791920263671,0.15277479156977558,0.07491697651803282,18.382692098617554,1
-0.05023365704026075,0.1076563604553445,-0.0035147607439490022,0.541754110690081,-0.21568844219471947,-0.3392565258139733,18.382692098617554,5
-0.032435578602042436,-0.12019524842584264,0.03393724535689719,3.976966825685993e-05,0.21660741730006178,0.025371036751142568,18.495387315750122,1
-0.04630827027885073,0.1146868881951426,-0.01071802740885761,0.4387500598292067,-0.26581777575582904,-0.2766476991454843,18.495387315750122,5
-0.03310181518014225,-0.1133251221515346,0.04476978813170687,0.02972449886075214,0.16411486706896197,-0.05641646948585918,18.609776735305786,1
-0.03771376518556194,0.10597922381663095,-0.01443722745199403,0.3961401106928771,-0.21025270479851496,-0.24011586281789624,18.609776735305786,5
-0.039761747434826515,-0.10790923296221953,0.05027386785356589,0.10275122857338127,0.12259180026632337,-0.10053212546401406,18.72453474998474,1
-0.031129091914041233,0.10625690903348335,-0.021120863411005414,0.3412314151307988,-0.22583354436061404,-0.30600803347676564,18.72453474998474,5
-0.044251174879174654,-0.10997550901001438,0.05965340803611098,0.16267423191844094,0.12487788914512744,-0.17597028114096086,18.838852405548096,1
-0.02851624180504828,0.11303199394673881,-0.022316968112955273,0.3804209838643922,-0.2647778464269703,-0.16117623330356173,18.838852405548096,5
-0.03379803349661174,-0.09989917790449208,0.05763124281263305,0.12356592799908371,0.051594269467633,-0.16765034693131717,18.95870304107666,1
-0.030147149525086646,0.10297277206546522,-0.02249620984525027,0.5525020029721437,-0.20102111040972562,-0.1490942491330351,18.95870304107666,5
-0.041066625457339995,-0.10242875728820355,0.06586217986200445,0.2087290653818024,0.05630962848427693,-0.2381987947698032,19.07291054725647,1
-0.03340565848605844,0.10912838358504436,-0.02332956045241158,0.5926189437727069,-0.24388395628898676,-0.1314349764458196,19.07291054725647,5
-0.04251899977596636,-0.10669373201268376,0.06569463353266583,0.253523033065003,0.08055199935565939,-0.2478434398385235,19.183603048324585,1
-0.02450798766091647,0.11532313351974081,-0.03267444465507436,0.545220690271314,-0.2895173268539734,-0.04729781461948705,19.183603048324585,5
-0.038195431905160435,-0.09332151258216802,0.05947583102436805,0.2620353477561486,-0.012435567874333864,-0.21150780319796825,19.300991535186768,1
-0.021540411632309804,0.10149368809467706,-0.025955545985650558,0.5373050588890549,-0.19908381158965482,-0.08690094657129818,19.300991535186768,5
-0.03879412156271607,-0.09816886657132673,0.06098749844321046,0.39750301382585507,0.062048457332800816,-0.1717152038147787,19.41204023361206,1
-0.020484129335927265,0.11095916755779447,-0.02422149786773516,0.540228199510408,-0.26859261663023887,-0.08991172607096591,19.41204023361206,5
-0.038096686704399876,-0.09468083340117313,0.061754208566666524,0.3359307409836983,-0.0032970324080037606,-0.2577268324793609,19.52334952354431,1
-0.016232277746119208,0.10825894052627971,-0.030130509484003375,0.522844617003001,-0.25448487944618525,-0.03219979208895695,19.52334952354431,5
-0.028396419035652584,-0.09100955120150778,0.05953942201978954,0.3106795735546677,-0.025347769975071394,-0.25785957864911757,19.644808053970337,1
-0.014566318517355112,0.11167654016805403,-0.03302379456572954,0.5239430426976556,-0.28118285058849996,0.004552642112913365,19.644808053970337,5
-0.021608569248452184,-0.0843272193406933,0.0549641177209199,0.30177198038832614,-0.06553732077984926,-0.24005345259469119,19.76824712753296,1
-0.01794886654496634,0.10817121337520404,-0.03340673988003825,0.5590221691833941,-0.2623571594179767,0.02301069820601547,19.76824712753296,5
-0.018549033405656872,-0.08994043081373757,0.06082800680232217,0.3195653866803556,-0.023774056327003412,-0.3050691224789601,19.8902370929718,1
-0.016963779589124102,0.11886252067695811,-0.03441818643835884,0.5651593783731974,-0.33967345751966455,0.04619997253554721,19.8902370929718,5
-0.005597578827382798,-0.08496550777260416,0.053739522442666054,0.2607594810038406,-0.04523568738565187,-0.2708826051441765,20.010943174362183,1
-0.015209373351692312,0.10376428718532757,-0.03154576936829441,0.5640651503132188,-0.24879840274459109,0.03850663858009378,20.010943174362183,5
-0.001190496598989316,-0.08254843892561968,0.04803225198146254,0.26144344525541624,-0.05371411220970756,-0.24256643750524176,20.136127948760986,1
-0.006630589857730894,0.10017972331906642,-0.03191769001754316,0.5181152732203324,-0.23065055616519248,0.056174814631664675,20.136127948760986,5
0.004941079143967747,-0.07953976886840165,0.044950182795543546,0.24937941058928065,-0.0654536712177982,-0.23422831122855128,20.26814079284668,1
-0.0016933875699030388,0.09313019192628932,-0.025938181870728147,0.4943681625277804,-0.1917292671562817,0.022813689544097338,20.26814079284668,5
0.012079606587676161,-0.07995487083992697,0.04288051889848718,0.22715019320794008,-0.05145747606182195,-0.2338026547173261,20.405410766601562,1
-0.0006661675476522588,0.09696773799204768,-0.036145886350253,0.5006409973416903,-0.23136043363923017,0.13785597570500516,20.405410766601562,5
0.019602799577653023,-0.07827426831264468,0.039980861278445017,0.19909258872110816,-0.05265343390462486,-0.22447926673610685,20.537975311279297,1
-0.00452386134499884,0.09182904525839972,-0.024594336449371427,0.5322639427857334,-0.1984310692509293,0.042309179888660904,20.537975311279297,5
0.021309161483833973,-0.07648802434828636,0.03721317983326717,0.20876075702897462,-0.05394114834308047,-0.21524452215565046,20.673142671585083,1
-0.00900974813638569,0.09333873671209916,-0.016035463808389574,0.5717493416264084,-0.21580801943566877,-0.011891951079063327,20.673142671585083,5
0.039056980348404866,-0.12248051135539152,0.05036360565497784,0.11071935976230311,0.26684766149685074,-0.32698445656086705,20.773380517959595,1
-0.02320558170957697,0.15618852186034785,-0.02175330004543584,0.6767841834964621,-0.6421744458579983,0.04482760101475613,20.773380517959595,5
0.01868502227807609,-0.050652062150119956,0.0188198332000457,0.2579683597542887,-0.2041155196005486,-0.08786643735993016,20.877742767333984,1
-0.01115046269850337,0.06517015594653262,-0.007895578658745572,0.6014438777304472,-0.049656887652520194,-0.056965608614990296,20.877742767333984,5
0.04649969278838597,-0.10191566683972127,0.037509585478654746,0.0902719895083069,0.14513095658553027,-0.23708004470535043,20.977933406829834,1
-0.031972631970012336,0.13320354734154788,-0.01633698970722019,0.7500065094091152,-0.5069856499367857,0.019310982327363328,20.977933406829834,5
0.025770103744104964,-0.05150962882286497,0.019491638995190373,0.23493660010557468,-0.18037463918805924,-0.10394252634980354,21.090025901794434,1
-0.011553949274514518,0.07188871386665362,-0.009299105082121,0.6197156990473162,-0.11192688487450049,-0.030262091788047,21.090025901794434,5
0.06070063178742995,-0.10124786349201816,0.035279162441260906,0.016169817839358547,0.15904283821228485,-0.2303818806990833,21.190201997756958,1
-0.02896604916229843,0.14112453520536664,-0.0036171853798580263,0.7445552117221892,-0.5791381471262642,-0.0648083851239355,21.190201997756958,5
0.0412498422397432,-0.07923970272014402,0.02329374840751439,0.1552202044756819,0.0243977110609961,-0.1419818706653707,21.290348291397095,1
-0.016913090172190854,0.10884758216035109,0.004031518713343065,0.6715132830249738,-0.3759554497582654,-0.11944450812737079,21.290348291397095,5
0.03089947114038343,-0.04599490719344697,0.01266144105708178,0.23012973717682103,-0.1915453138453304,-0.061869737827533626,21.395089864730835,1
-0.01079916311323697,0.0630132362884664,0.00541153382948546,0.6344593384060147,-0.08062864431774219,-0.12940962537631376,21.395089864730835,5
0.047918355374898185,-0.08031727565862098,0.020185224455335854,0.1321680248956626,0.04669416295532379,-0.1218090187460359,21.515416145324707,1
-0.017237210574401925,0.11046121305568823,0.011906012362830648,0.6834721316055912,-0.40620365387024376,-0.17608771916845223,21.515416145324707,5
0.04965575382886048,-0.077441923094937,0.019096295255491547,0.12933623070543465,0.03864499312619767,-0.11609408201832513,21.617252111434937,1
-0.023060980750316144,0.10326667954662545,0.011233665870451033,0.727246010630313,-0.3684968536863825,-0.16908366501931113,21.617252111434937,5
0.04939326593002995,-0.076215815778216,0.022255610855479387,0.14580927712823055,0.03974925059705897,-0.14322821904333452,21.7315194606781,1
-0.024408134305777276,0.0996076835592283,0.013063302761866007,0.7421118408658486,-0.35491235429936807,-0.18131521688024588,21.7315194606781,5
0.05255759433545172,-0.07989634039890355,0.02299692331411444,0.13653654890796108,0.07522605234310373,-0.15235546123996196,21.83669376373291,1
-0.020445110518093952,0.10427190579945086,0.010326282878254383,0.7215301356401305,-0.3954720772004484,-0.15856792988432092,21.83669376373291,5
0.04961447271867549,-0.08147930063098448,0.024343867584705595,0.16399596744398984,0.10174053944565377,-0.16919437528576478,21.943605661392212,1
-0.022937590750021747,0.09903169308593567,0.016269764267408948,0.7433806783542609,-0.3698886363473788,-0.2023983147576096,21.943605661392212,5
0.04891828923281744,-0.07615570691581675,0.019552813636687826,0.18292063561529176,0.07594158327612327,-0.13435003560763245,22.043910264968872,1
-0.020465729976463877,0.09171822623208045,0.01997598839835485,0.7302546483383133,-0.3312052739947993,-0.2319021533654171,22.043910264968872,5
0.05542528000294558,-0.08080360327604022,0.021628170816179532,0.1470938002099593,0.12212551680955631,-0.15555909583468014,22.147533655166626,1
-0.01556556337720257,0.10013787282907106,0.018633111570847016,0.6969669169091477,-0.39923195661901867,-0.20012206687233483,22.147533655166626,5
0.0558469240050992,-0.07860954759367281,0.01797218163515267,0.15564374369308592,0.12031510639575645,-0.12992451750242512,22.252471685409546,1
-0.013259284339501305,0.09295928593016095,0.02152162501789492,0.6912781054889338,-0.35598603437925275,-0.24403521474926454,22.252471685409546,5
0.06067913529674588,-0.07770397234018565,0.017066072047469318,0.13571192096343632,0.12786101223392893,-0.12542355919165207,22.36668300628662,1
-0.011156417419335981,0.10060897315444649,0.01866953954593475,0.6811359530748651,-0.4161422261655048,-0.22198028609281123,22.36668300628662,5
0.06342225697035747,-0.07513346442857087,0.02098609679724858,0.12681271884630255,0.12594103386561095,-0.16126942278637585,22.487460374832153,1
-0.0109436882776376,0.08568549581245484,0.017041393716115634,0.6822874326790089,-0.3285209353470416,-0.21105437729222706,22.487460374832153,5
0.06348401525073974,-0.07438665955909453,0.021716270440343247,0.13699715696249617,0.13446301427950927,-0.1727482678975586,22.601975917816162,1
-0.008610296123388563,0.07382417921076798,0.012013809790541792,0.6708733686742862,-0.25637933932252516,-0.17255272102944771,22.601975917816162,5
0.07032680925782965,-0.06960347374043392,0.0188867336589965,0.1016274046054821,0.1139122094519522,-0.15529398704941563,22.712247133255005,1
-0.013157354127337326,0.06422819343440568,0.015595502993895437,0.7022793867017023,-0.20011210221024228,-0.2007888523580128,22.712247133255005,5
0.06799202328746408,-0.06538754158475729,0.012965938303341902,0.12428014932321815,0.09972414313987235,-0.11346741279818431,22.83839726448059,1
-0.009693028882504158,0.0714669495690307,0.012225918645092999,0.681847884312047,-0.25593568712202325,-0.1755608356527962,22.83839726448059,5
0.07360655979961504,-0.06915941022391837,0.012624732616863516,0.07369584963063934,0.11350348714064978,-0.12298197616443123,22.967485189437866,1
-0.0042134779572851975,0.08019854698739097,0.020818940516257264,0.6480992466435238,-0.3222469327414668,-0.2435202686500719,22.967485189437866,5
0.06707257455626552,-0.060149040106753385,0.008967935962455256,0.1428360394827812,0.09040320796618405,-0.08976476933556922,23.099181175231934,1
-0.0010112239521565234,0.08034160720331848,0.020046134263743864,0.6303461853075127,-0.33064923454286294,-0.23913663479511119,23.099181175231934,5
0.07474413092571495,-0.06812909670282496,0.0087102804424118,0.0990079826714452,0.16466647557388703,-0.09051111998978517,23.22916007041931,1
-0.004140501886799376,0.07578590651675005,0.014226669088227362,0.6551262925853879,-0.30664987444709346,-0.19453302013450846,23.22916007041931,5
0.07132452011006726,-0.06870173758480674,0.004263543805408148,0.12737066898491045,0.17268798064210392,-0.05902415504453976,23.358887910842896,1
-0.006025391935386035,0.07133830608917506,0.002048596495420298,0.6682103926070531,-0.28720125108074795,-0.10016252097987922,23.358887910842896,5
0.07317820496144538,-0.0758758374568791,0.00264267224085782,0.12863343948693656,0.25496399921812696,-0.04426074606770595,23.489051342010498,1
-0.011980419493303094,0.06457394810652763,0.0009361563362761497,0.7088003551919541,-0.2509382859593761,-0.09038075319200661,23.489051342010498,5
0.08184686357612037,-0.0909814159420923,-0.0007973959016035303,0.08366123707544058,0.38250180545900125,-0.01536205624079208,23.620030879974365,1
-0.01619278047217489,0.06646308493904837,0.0013426472087502367,0.7384215428571762,-0.271445861990839,-0.09216026824251947,23.620030879974365,5
0.05655983536967997,-0.06347541618987856,-0.0016822930124395555,0.253368043863806,0.22267862106921849,-0.009739368812950138,23.749228715896606,1
-0.004142519655974309,0.04941009006681186,-0.002488833930087483,0.6603928875787225,-0.16452843234780326,-0.061356787796568925,23.749228715896606,5
0.07299657779721887,-0.08677131157483817,-0.0038302205133671757,0.157376564243125,0.4045221997503486,0.009598100202488852,23.878968238830566,1
-0.002389293026572614,0.0608405900451025,0.006991438979294019,0.65359522519632,-0.2426415152320135,-0.1330871469462171,23.878968238830566,5
0.07604828332943982,-0.09091039717590171,-0.0024371567678610497,0.1415807517579876,0.46370692867456664,-0.0009502763055052219,24.00757932662964,1
0.01036324667475035,0.07323150857130144,0.0007573819244360889,0.5690772376272459,-0.3338425257891199,-0.08478204592688728,24.00757932662964,5
0.05116617042393308,-0.058128417656278145,-0.003268687658309096,0.31416939445257486,0.2661697852975772,0.00496308970322773,24.13203239440918,1
0.014868122056552512,0.05096882292756389,0.0029381785017684636,0.5401780170598675,-0.1921716758262839,-0.10248734269846142,24.13203239440918,5
0.06284920376869116,-0.07294738258344452,-0.005330321071259058,0.23681647006178147,0.3901755566757591,0.020337834925799676,24.259638786315918,1
0.019403116158954754,0.05610081174109496,0.002638532288384852,0.5145666837229141,-0.22764731995278004,-0.09905373308694933,24.259638786315918,5
0.05824390219321158,-0.06384115215415806,-0.008302860396716481,0.2702576630908304,0.3552467934124144,0.04447196612062956,24.401594877243042,1
0.02347409954361983,0.05389405496382721,0.0079979910538065,0.48688959025036294,-0.22006015815341354,-0.14266208334096372,24.401594877243042,5
0.06252198367048709,-0.06487625423743214,-0.005251442213744998,0.23865586324337928,0.36684783150885,0.013752038617527109,24.541922569274902,1
0.025485764776849815,0.04750979176047782,0.0037986083380769915,0.47284832439136565,-0.18319760101455193,-0.11164624643629235,24.541922569274902,5
0.06076431116678423,-0.06235596100989955,-0.004948252377593462,0.25688926133394613,0.3965758831931312,0.01602677277163442,24.698773622512817,1
0.03760671806971031,0.04978846411110841,0.01465017147860774,0.3955269164144639,-0.20165770876056427,-0.19926380806622096,24.698773622512817,5
0.04583557142878517,-0.04780646696122247,-0.0027485557738373997,0.3555895913635535,0.32158380840977857,-0.00510217152073982,24.858139038085938,1
0.03668730951251663,0.03883569411880883,0.010798218301461358,0.39956965842493136,-0.13410775394659433,-0.1722762937258749,24.858139038085938,5
0.04939100848408409,-0.05278904181912842,-0.006321632581229422,0.33245095712485345,0.3777355402044141,0.020387532322640848,25.020726203918457,1
0.04483438803868801,0.041966701619822105,0.009905919793507512,0.347742846595021,-0.1565841060614725,-0.16846393785143735,25.020726203918457,5
0.0566955652542463,-0.05568117773770696,-0.0021449871559019807,0.2856822135369447,0.42000609624076807,-0.01580792131868921,25.17768955230713,1
0.05544457593208958,0.04730934755627933,0.005213594843523794,0.2790003338911208,-0.19475874332445123,-0.13447863699118032,25.17768955230713,5
0.04054621053189636,-0.03684270318168392,-0.0003801964600831585,0.3853108079152988,0.30096097564509083,-0.040955415597881864,25.335107803344727,1
0.04359611321069094,0.032316888447935045,0.009065640691624317,0.35541973511154995,-0.09970369574907177,-0.16845596247442118,25.335107803344727,5
0.04361737611060196,-0.03942436125565533,-0.005120205879247905,0.3692766074864271,0.34450065700749866,-0.0028215633393834814,25.490957498550415,1
0.056817990565907826,0.04004573989384734,0.014612438741896642,0.2693599589216371,-0.15202294291958765,-0.21598419541006797,25.490957498550415,5
0.04921877252373575,-0.0473740074382385,-0.01164292206540855,0.32686922478988223,0.41670826222583374,0.04714280414663369,25.648094415664673,1
0.08150045445785985,0.05289274946246512,0.028826588288491974,0.10434150301614335,-0.24171264517525687,-0.3357090729607281,25.648094415664673,5
0.03701305233508538,-0.03781412220346731,-0.01195687388956035,0.40714224683938766,0.369476096438944,0.04936720640713653,25.80927610397339,1
0.07425836315463237,0.047513502798196966,0.022806451756066458,0.1443058078463398,-0.19879538540830913,-0.26708010744253946,25.80927610397339,5
0.03965630808456452,-0.03863049891661055,-0.009906741953797878,0.37801293019360804,0.39132474375618465,0.031777721693579515,25.971824169158936,1
0.08727409826349616,0.05545017508805748,0.02228980264267806,0.06496166872283772,-0.26439172514148845,-0.3012020565299297,25.971824169158936,5
0.04163438698241975,-0.031109828297200184,-0.014206326717630887,0.3645354526119085,0.35427795574741594,0.0653107809016995,26.130022525787354,1
0.08768342899172836,0.05566644108568259,0.024147213446837245,0.062312114083513635,-0.26844247102630514,-0.32393114034183135,26.130022525787354,5
0.042354719878137964,-0.02461553983729476,-0.015898808385904545,0.3604795566459968,0.32149315744597523,0.07935869060460553,26.287183046340942,1
0.09157935142450531,0.06101730981056158,0.026905383959484514,0.03282164964621538,-0.30303904912805946,-0.3495805284722271,26.287183046340942,5
0.04090269272251979,-0.020568646448397104,-0.0128108452309136,0.3575438356527388,0.1589262719781451,-0.06634168127957334,26.44371724128723,1
0.0979592831593636,0.06428844548440366,0.02795322011589858,-0.016633027477433213,-0.3198745552752843,-0.34777763497950764,26.44371724128723,5
0.03938471637202612,-0.016729317968064285,-0.005243121440351924,0.3741557847315377,0.28513394391137575,-0.008159788826376742,26.6031813621521,1
0.0936210807424254,0.06386059113521467,0.0272847165215519,0.019154605906407888,-0.3362457569408992,-0.37879470875554383,26.6031813621521,5
0.04522772136768648,-0.01893502644097264,-0.007614607731871634,0.3355317003417356,0.3077457969308017,0.006484662004954702,26.761176824569702,1
0.10555184966073455,0.07272965312824475,0.03285502137010118,-0.059777309773349406,-0.3984888834885628,-0.43164241072286424,26.761176824569702,5
0.045714900211813084,-0.017170990924958537,-0.015919368163437708,0.3239995175229087,0.30357460309059875,0.07047704434850008,26.914729356765747,1
0.097184780515681,0.06793935685845792,0.029912386406693543,-0.0072895163337837075,-0.37277978018819335,-0.41989788279383355,26.914729356765747,5
0.0654405655084026,-0.0160881222999304,-0.013258510680701151,0.19688548232110098,0.3044385730508325,0.04904246863690872,27.07026696205139,1
0.13421549659818058,0.09325377358201313,0.038489310100598195,-0.25191033317452965,-0.5459912335611328,-0.4982156197813635,27.07026696205139,5
0.036553836224732426,-0.0053206272349413586,-0.001379564838775422,0.3828144690120817,0.23642955220518666,-0.04926077902995698,27.224700450897217,1
0.07626978637203012,0.049900180339309645,0.01813737902752645,0.12663128551968764,-0.2632520208453294,-0.35031450163501415,27.224700450897217,5
0.05125761089063841,-0.007728510022088003,-0.008618293021962747,0.2855306707212942,0.2570467382206709,0.002619956250336906,27.38080096244812,1
0.10266339165421734,0.06450162986860235,0.018748071500365077,-0.04734959721012934,-0.36605154371212667,-0.3632832854250559,27.38080096244812,5
0.054119665454700934,-0.007095802302480381,-0.01088173179264544,0.2653090945776135,0.25770948940235333,0.01732083142025489,27.536948204040527,1
0.1060854321311916,0.06430697295142924,0.015254428815974126,-0.07206322033086102,-0.37074852206109293,-0.3445572361335937,27.536948204040527,5
0.05579799882247879,-0.006067505130736802,-0.0094072382563558,0.252225508708663,0.255621596305602,0.002502607850714775,27.693681955337524,1
0.10032054744086912,0.059685035896140805,0.016018243972049845,-0.03452966598907543,-0.344746093397394,-0.35824119973340796,27.693681955337524,5
0.06362700426323611,-0.0015091642010365575,-0.011176674553628028,0.19664361701804406,0.22909411037496413,0.013125536445032645,27.84978699684143,1
0.10935254106286096,0.062288919404827184,0.01584927909914506,-0.1134693073924058,-0.3165627171972326,-0.2547748964394718,27.84978699684143,5
0.054216220729801624,2.236642769381255e-05,-0.0105718648232754,0.25751499690799,0.2219160701821363,0.005199658939737775,28.00970149040222,1
0.0842520964798225,0.04939625556178502,0.0066704142858846965,0.06626107624122315,-0.2894231839734169,-0.3034219237069741,28.00970149040222,5
0.06808525219298246,0.0014223765864128405,-0.015069463885778275,0.16894430775082264,0.2167040756253036,0.038450773103209886,28.173232316970825,1
0.09471380412467338,0.057157156938223215,0.009469630692422546,-0.0053202000667136535,-0.3465780733012847,-0.32991205171388516,28.173232316970825,5
0.07964359557688906,0.004443238166104527,-0.01638768091633782,0.09281218020991341,0.2004153586556018,0.04771078104354527,28.32961106300354,1
0.10622449788664101,0.06979612032423135,0.007594979171368103,-0.08127368589456302,-0.43749916274941775,-0.32091142090734326,28.32961106300354,5
0.06508241754133588,0.004217328693686082,-0.008520641395841962,0.18357168583836528,0.20419274194055018,-0.017359427298549963,28.489065885543823,1
0.08060440028770997,0.053905617970807305,0.00453995564720537,0.07549095163562825,-0.2843768044153913,-0.1967734175059537,28.489065885543823,5
0.07820819211274119,0.006858452851084026,-0.007528553434626782,0.09688166994756961,0.18992443798873282,-0.030342164405734326,28.645812511444092,1
0.08476354044334646,0.05887757771949787,-0.0036836516754796427,0.05848881239956328,-0.38098001079583604,-0.24281847551423844,28.645812511444092,5
0.09138498009345349,0.005956691341248272,-0.008485612454107663,0.004050174696865201,0.20009596178772737,-0.028133318231148292,28.80584192276001,1
0.08769981047060506,0.058937011276402995,-0.002208196252324417,0.037045994170278596,-0.3903388753821387,-0.25733255080932615,28.80584192276001,5
0.09416916203060335,0.00446648534281953,-0.012921993626715929,-0.012597659007851853,0.21689201669265656,0.003257771677448146,28.96215844154358,1
0.085998910836566,0.057747399507893385,0.0045168248292652416,0.04637213780618658,-0.39242829377716343,-0.31687582476831044,28.96215844154358,5
0.07955555927754211,0.002891095350189872,-0.00989405534458659,0.08117893630235665,0.2333526288806581,-0.023841572061253407,29.11876106262207,1
0.06626032724382497,0.04359787014394952,0.0005694639425785449,0.1765055803498626,-0.30013299125193954,-0.2863787067918316,29.11876106262207,5
0.09987958032913703,0.0037685917697612157,-0.0058963333192314895,-0.060312891760548666,0.23488697253318772,-0.06063825063836562,29.27657675743103,1
0.07764726857363882,0.047625073279222545,-0.005640989224177007,0.09815175182859824,-0.33731975559007166,-0.24186953105847153,29.27657675743103,5
0.09550876111555624,0.0037447866769705867,-0.0019130067759914613,-0.03549131265963014,0.2432450170879166,-0.09905404566874514,29.43362784385681,1
0.07864583412409341,0.04679009609063401,-0.010243695807630468,0.09222050032286418,-0.331280323226575,-0.20408227127915282,29.43362784385681,5
0.09518008748278765,0.004312965265260093,-0.0033011225640542405,-0.03527076282370452,0.24880038394851572,-0.09528453617346941,29.59051537513733,1
0.07707482848449293,0.044322737925521084,-0.011991646883235708,0.10238792256690242,-0.3318193917086583,-0.1988623764037825,29.59051537513733,5
0.10173799450144902,0.007499404146532892,-0.0010892353188537145,-0.08741328050197233,0.23549834169398864,-0.12038897476971877,29.747584342956543,1
0.07938286279885656,0.04504386544186519,-0.01066995183075029,0.08351749892126312,-0.34322282688811356,-0.20787445973367,29.747584342956543,5
0.10272907408734709,0.010855298523509175,-0.00024115419533639145,-0.1012161941758855,0.22154929922972996,-0.13494431749466426,29.90726947784424,1
0.08036780867737003,0.046771968176605505,-0.010852685397553517,0.07709216844399247,-0.36517895392602107,-0.21178688110850072,29.90726947784424,5
0.1052889353531299,0.013143705310203728,-0.0023979342717379256,-0.12246723243068151,0.2153051348527619,-0.12609385608755716,30.06646990776062,1
0.08125754503053959,0.04869558965817829,-0.004467107411279428,0.0701658316878336,-0.38387612421792866,-0.2597074123607449,30.06646990776062,5
0.1090492895849097,0.013085165738044467,-0.004229625723217083,-0.15475665093067797,0.22524673468480302,-0.11792289076573301,30.22245955467224,1
0.08432730302127042,0.04741323305742172,-0.0075841301141097075,0.047243730028576895,-0.38400361528888105,-0.2390645967995712,30.22245955467224,5
0.09226493704970526,0.01108756034252723,-0.00658385488683502,-0.04917505324962803,0.2479167209551437,-0.10406102200091971,30.37973141670227,1
0.07026417291317953,0.03839823945370303,-0.009415253620551635,0.13751249930909978,-0.3330215179205407,-0.2267804999347433,30.37973141670227,5
0.12922518470586805,0.014989883708213336,-0.0095687057222364,-0.3010677787564512,0.23672080754625657,-0.08379815950575575,30.536710262298584,1
0.09947345156939229,0.05330495910952329,-0.012286130047513154,-0.05506699268996569,-0.4411508338785527,-0.20511975104897567,30.536710262298584,5
0.11550801920264683,0.014881753766369781,-0.012286540146593495,-0.22063441711335058,0.2504730451546083,-0.06393000914591793,30.69699263572693,1
0.08832726618159206,0.043905153087106644,-0.013860478816540935,0.016306178167371965,-0.3903166888170086,-0.19656397232074777,30.69699263572693,5
0.15096077623228604,0.021188671497184872,-0.01436219259597985,-0.4670852043950588,0.22696028350979242,-0.047649161457482145,30.855510234832764,1
0.11505924329235365,0.05266425592019266,-0.01995183521083753,-0.16076743000458538,-0.4585676337420507,-0.14694169741634716,30.855510234832764,5
0.08023113216953016,0.013986268738217912,-0.00629502885988499,-0.006369639860985886,0.28422500470524,-0.11239230331082631,31.010966300964355,1
0.05947184032959937,0.0220954899431392,-0.01291523952247359,0.20087924968007626,-0.26095340928072897,-0.2035446144087843,31.010966300964355,5
0.10951424256666692,0.02184926071178161,-0.009247459298697096,-0.20984215573423243,0.24400399214202426,-0.09114973541387004,31.165701389312744,1
0.08941072680622866,0.030760784978464715,-0.02210467920515922,0.002775346756542078,-0.32851192416773795,-0.13291148984549145,31.165701389312744,5
0.11259715063711556,0.026084745416445343,-0.012919611951972635,-0.23887466492883802,0.23032791908898617,-0.06222341244503794,31.329135417938232,1
0.0886431160583473,0.02841081549623801,-0.02611283628786066,0.0069569039689987055,-0.3212078113861098,-0.10012779281047386,31.329135417938232,5
0.11862586436300458,0.03247435729364911,-0.017389725438077028,-0.28983044164174204,0.19575723963187183,-0.02885830576762629,31.487376928329468,1
0.09362394313776014,0.023186928435489775,-0.028412284389555165,-0.026832753001747343,-0.29484620460182154,-0.08108902234584153,31.487376928329468,5
0.10563666785088072,0.035716587973733366,-0.018730159639693326,-0.2137730842834574,0.19154128664482006,-0.010113091543470773,31.653828382492065,1
0.0884622216619489,0.020736041554452835,-0.022979721289494492,0.005782416573197721,-0.2865105078587996,-0.1226610095081066,31.653828382492065,5
0.10932486702794024,0.04240215905104838,-0.018694833597010546,-0.24649234001402584,0.1600154360244402,-0.006418856795526318,31.82037115097046,1
0.09327157798283355,0.01914797660550787,-0.02955236915764079,-0.028067661511394542,-0.2846773478242229,-0.07047348954732843,31.82037115097046,5
0.10206594847037082,0.04508985810370392,-0.016267575872615663,-0.2085398167167782,0.15233657670579942,-0.020950599432066303,31.986815452575684,1
0.09685299658331482,0.0183902900242821,-0.03638375749414436,-0.054364869450539345,-0.2892855438301648,-0.0143345055725722,31.986815452575684,5
0.1436958260046683,0.0654941761382022,-0.017650637324201926,-0.5051118036351534,0.021606511643375993,-0.02310987667431572,32.1526141166687,1
0.13270372730031396,0.02801012182722136,-0.04552233546997177,-0.29094884820917866,-0.3671227042982051,0.06263794343381633,32.1526141166687,5
0.06804158447559087,0.027400111688472856,-0.01467967486244569,-0.008101025726797266,0.2890502981334766,-0.02810472998951092,32.31785559654236,1
0.06700081818299881,0.010752901519338411,-0.012528156606286589,0.13973899193637498,-0.25900235329581284,-0.19289120534231316,32.31785559654236,5
0.11005164486936153,0.05245093356701927,-0.021602105388482108,-0.29577086753809,0.14387764496324157,0.037515199855978634,32.4900918006897,1
0.11006289308176101,0.018444645643238545,-0.017543750354751315,-0.14845760415186476,-0.32035504485062427,-0.15563429556398423,32.4900918006897,5
0.10449187331900602,0.06443649435271812,-0.018007100747394415,-0.26976333969543315,0.07609025219840228,0.016748023267593247,32.65685057640076,1
0.10750318504124468,0.013926959247200667,-0.019316864060580842,-0.13673548257597365,-0.30049891716328453,-0.14286944739174617,32.65685057640076,5
0.09670325096826152,0.0720326804267465,-0.015246739498524486,-0.22690443175789646,0.03516635205737531,0.0012922319141369545,32.82443118095398,1
0.10533952470525294,0.0037097719712125394,-0.018796794563506858,-0.10125475742248725,-0.19044678024782638,-0.08459683043397957,32.82443118095398,5
0.09613260456952036,0.08091525980049377,-0.014248712057425828,-0.2316858867582395,-0.01573518533182199,-0.00015367193409535947,32.99151945114136,1
0.09164442795370542,-0.011864769597419833,-0.02278481012658228,-0.03573430716030617,-0.1437630166443347,-0.11860758501666274,32.99151945114136,5
0.09585155629265694,0.08823606474721309,-0.010571204797264857,-0.23954625381653563,-0.05802900015736393,-0.024131174141534945,33.159878969192505,1
0.08190594686921533,-0.023376610501239965,-0.02645492154449494,0.027682144972093575,-0.07018310463980089,-0.0910838523707272,33.159878969192505,5
0.1032257790924459,0.10460526030861979,-0.00834852756688711,-0.30899456500039973,-0.1707603563461178,-0.06017889714093488,33.32504868507385,1
0.08678758533673453,-0.03605652976698326,-0.025096831659441286,-0.007943153430027022,0.01396525056555734,-0.10398725529176733,33.32504868507385,5
0.09150764952214573,0.09803577341600156,-0.00967911828177988,-0.22988891610091933,-0.10938243194820071,-0.022160503050333714,33.49211025238037,1
0.07389114399570673,-0.03942012354559883,-0.026757984219961405,0.08000097489668707,0.037461591583668644,-0.09244916831221217,33.49211025238037,5
0.09819952214126565,0.10690656321419105,-0.014519168081615692,-0.2850138257401114,-0.15806715220772222,0.02464186655508247,33.658522844314575,1
0.07302426548025877,-0.04895866915984267,-0.03206238671452418,0.08505965493577287,0.10487266260680976,-0.05207042593929784,33.658522844314575,5
0.11099286704507931,0.12256185737221456,-0.017997847944160414,-0.3857256095138103,-0.25019278450040705,0.06481459292262556,33.82605314254761,1
0.08018578561424684,-0.06475809298247612,-0.031468835043211914,0.04128741230863656,0.21565406444701832,-0.05874311851631352,33.82605314254761,5
0.0922092144595836,0.10349683030472928,-0.013553777960348278,-0.2779953443285415,-0.11284364113375411,0.04215749032572735,33.99787950515747,1
0.06283879240716429,-0.05859911681520565,-0.024794816354739416,0.1554264777711972,0.1845357343933991,-0.11330222204766845,33.99787950515747,5
0.10573971521099536,0.11612470565306307,-0.011982790382263894,-0.3909636029509372,-0.18077046992373116,0.042603646222819674,34.176501750946045,1
0.06705737162201848,-0.06606319982486024,-0.028290678613192084,0.1342088392886997,0.24444264314463465,-0.08815919142250672,34.176501750946045,5
0.10645070639016423,0.11698449383989246,-0.014680987600455013,-0.42421381416716447,-0.17452210113785602,0.07789779726295329,34.34482169151306,1
0.07608550912081234,-0.06469742022033877,-0.023709012300382627,0.07766290448293454,0.24535898452394445,-0.12645630396887372,34.34482169151306,5
0.14455613141697704,0.16391692052923987,-0.018865898390916336,-0.7176860265276535,-0.46484694118684744,0.12952062969517258,34.5135760307312,1
0.10612456410053524,-0.07773528680347928,-0.03087962675136916,-0.1186789187939233,0.34245373327348494,-0.0718286124821783,34.5135760307312,5
0.06863176695056017,0.08293132011204872,-0.007108217534667067,-0.3500130360188074,0.03270273251637639,-0.21565180623990424,34.67794632911682,1
0.05056082385691883,-0.03018526335945966,-0.0154074241705508,0.24796962470572753,0.03258763512680742,-0.19240789271117112,34.67794632911682,5
0.10355190221480705,0.12893227372966215,-0.005305494619983909,-0.5055347093402651,-0.21662269121055458,0.042431001153902255,34.84272909164429,1
0.08335732972929172,-0.039722838009133586,-0.025984841030508944,0.030120899886607187,0.09675275743034842,-0.10960585597722063,34.84272909164429,5
0.1295272264120439,0.17479616313786267,-0.015266398112906534,-0.7259229451462846,-0.5045205684962202,0.13705232587917734,35.010146617889404,1
0.11984923764158899,-0.040315469950087744,-0.030523537388609065,-0.20905362185190107,0.09416748946572945,-0.06920208413435872,35.010146617889404,5
0.05475856076487021,0.08192931819496801,-0.011533286155754255,-0.25477098229764134,0.11389882963418817,0.11840828099133098,35.17086911201477,1
0.05607937998572804,-0.011425356316825631,-0.017796925742787247,0.20974476769458492,-0.10093886535129491,-0.16452425281436198,35.17086911201477,5
0.08062383161549233,0.13093972399058795,-0.006529961168131884,-0.4597985495308838,-0.20507882507785286,0.08864336687055306,35.33605170249939,1
0.08058081792328901,-0.012417536413898632,-0.026830799878740635,0.046687674065756815,-0.10629538985770845,-0.08877980712530456,35.33605170249939,5
0.07895717721883896,0.14037890526467514,0.002112356311484271,-0.48531845413576846,-0.26693955877040165,0.024651816999796756,35.50147891044617,1
0.08596050592771431,-0.016754711541926415,-0.01839285070808259,0.010928262042595876,-0.08851272976914755,-0.14972003355707433,35.50147891044617,5
0.061577176052897524,0.12107455893364828,0.002627677902849733,-0.39932591661204847,-0.13949810160750878,0.02169609757277908,35.658148527145386,1
0.06621284114914679,-0.008312228709188426,-0.02380814679077809,0.13733260288842233,-0.15433161135010418,-0.10296372663083732,35.658148527145386,5
0.06321026341271409,0.1359668618259969,0.0009428709972881235,-0.4417354039426103,-0.23554943816420706,0.036436609302446465,35.81747007369995,1
0.08152017743934196,-0.010380560693953053,-0.015371790497057643,0.03664861414478757,-0.15539583315867453,-0.16337738214480857,35.81747007369995,5
0.06164650772931049,0.13905842080025574,0.005455043651005077,-0.4640158909373859,-0.2637458291919225,-0.00016595003557575179,35.974109411239624,1
0.07459736038909144,-0.010180540861450873,-0.010783739144333742,-0.01707777678217886,-0.2495853880905962,-0.2861512254244904,35.974109411239624,5
0.05788313927529853,0.14614596626335105,0.005012682117422791,-0.4709773576214644,-0.3091205477325249,0.0009717719785690385,36.12471151351929,1
0.07301915142226542,-0.017164398873967302,-0.011022042501717864,0.08158359975280241,-0.12906741212211292,-0.19377773602656223,36.12471151351929,5
0.05360465301033523,0.14273248378156983,0.0010412122315367257,-0.4739963773512867,-0.2957115833781383,0.030762549485422754,36.276657819747925,1
0.061837767050929165,-0.010618873952902997,-0.02576745266289832,0.1565124778817651,-0.18722818295284416,-0.07193769084690632,36.276657819747925,5
0.07394574272415999,0.20822353379311645,0.004845322107459769,-0.6546548556430366,-0.7351353887262159,-0.0033637687954654453,36.42840242385864,1
0.09961823544478439,-0.03248534303811989,-0.03418831622896131,-0.0967990236732968,-0.05360643019324509,0.004162267207409418,36.42840242385864,5
0.03163942609549246,0.08967073675034978,0.0044922441460592865,-0.3957221974247978,0.03718186797831987,-0.004290366027591543,36.578036308288574,1
0.04122976577862909,-0.017167017780936565,-0.020746550740527087,0.2760673211213843,-0.17014959923856948,-0.09916347919922533,36.578036308288574,5
0.04760163705806554,0.14410912091770653,0.009946734330850032,-0.5315797856314465,-0.3306709592870879,-0.05436649802543319,36.72200322151184,1
0.06576575196350905,-0.029771053686361935,-0.03591457617686322,0.123567773543596,-0.08497117814039257,0.03509315010868127,36.72200322151184,5
0.04403444926068994,0.14174500232621381,0.006508484127686204,-0.5382254371422844,-0.32479776457271997,-0.03505652195011865,36.867562770843506,1
0.06907278264316863,-0.026170314890717097,-0.04548894720805197,0.10375747334277557,-0.12033341609730921,0.1260034808814735,36.867562770843506,5
0.03939897728169514,0.13555636459443107,0.004430875060832051,-0.5367682637409051,-0.29050661448260995,-0.025820847368019505,37.012593507766724,1
0.08570043996369807,-0.033327332333714765,-0.03382015415170527,-0.039422013904138395,-0.11039405036760215,0.026999329412579123,37.012593507766724,5
0.03170467570395052,0.12389547829034966,0.005596513206656129,-0.5098191683634751,-0.22689719711032677,-0.041776909202837074,37.15800881385803,1
0.07281841749693364,-0.024673933005817883,-0.03540331625792826,0.059931923420310014,-0.16799981093115773,0.07125011738863561,37.15800881385803,5
0.03934282640643918,0.19628975773563254,0.0107411716235436,-0.5937761589248292,-0.7320545548054351,-0.09412345225938813,37.309064626693726,1
0.11963849079001164,-0.02618323370118564,-0.04480447421219043,-0.28329635853121543,-0.20142230602151948,0.14597469528142218,37.309064626693726,5
0.009812613888601203,0.07091030034925838,0.003750101467570964,-0.41351902844954447,0.08941878246514925,-0.04681484498343846,37.47943735122681,1
0.04245735562914093,-0.007691941655446919,-0.014360810285032903,0.2590225335387638,-0.3034546176321527,-0.05256060984819,37.47943735122681,5
0.018511345109898335,0.1471596059649439,0.011704409935189194,-0.4948683936043814,-0.426598990880426,-0.12129808743062333,37.62760639190674,1
0.084213611717768,-0.016435663164061306,-0.026278391945241546,-0.034633425024416145,-0.27144511877633726,0.04854705395357651,37.62760639190674,5
0.01324602214679862,0.12945140715392522,0.012379942428260458,-0.4789236352416862,-0.329104130882251,-0.13957676652468157,37.78117799758911,1
0.07534185161148081,-0.014802054447836091,-0.01905161893346334,0.021951835870508432,-0.29493791364441724,0.009597779231996735,37.78117799758911,5
0.013083197648974367,0.13011615326215004,0.013365301509468887,-0.5004235426108814,-0.3432813440599892,-0.16266793560360746,37.93319058418274,1
0.08114238387222769,-0.010620242224031348,-0.022716542040975108,-0.028962760390815998,-0.3364543053426592,0.051927800892765434,37.93319058418274,5
0.009607357842703756,0.11954802907031704,0.012137535869044824,-0.4954896905870818,-0.2897990453781519,-0.16714093247992023,38.089576959609985,1
0.07076093453156018,-0.004468955170174031,-0.032272992019614005,0.029309017927326028,-0.39847068717273737,0.145670436720587,38.089576959609985,5
0.00784692615097394,0.12472389506342661,0.01470969424509054,-0.49981950306668194,-0.3430181073408049,-0.2016120411850191,38.239540815353394,1
0.07565911356997124,-0.013618393955826391,-0.03389829160815919,-0.016643895533961322,-0.3539793924688112,0.17791241091733606,38.239540815353394,5
0.008271054192362392,0.12041698107055689,0.009697613325135543,-0.5170308588997651,-0.3365728188715166,-0.17465848059077344,38.39311504364014,1
0.06693775268757103,-0.030358606748271944,-0.03295496183680187,0.03311963673470745,-0.2563558961832618,0.1911967242061055,38.39311504364014,5
0.012911310419230828,0.12215292656242878,0.003789640029782255,-0.5656439660344175,-0.36678704190560807,-0.13915774965385236,38.55003809928894,1
0.05024046132105575,-0.04284086246979988,-0.03463478749753081,0.13854223736533172,-0.1778641786509975,0.22428932566241525,38.55003809928894,5
0.01307018598842293,0.10143559667041704,0.003981772539089066,-0.5801554795542857,-0.24790411202240717,-0.14883740450883642,38.70220375061035,1
0.022454862275486636,-0.050268507172205004,-0.032153479232415794,0.285263882194894,-0.15507471796743003,0.14930516567599753,38.70220375061035,5
0.015549807122397312,0.11543958420962565,0.007983789325200275,-0.6122191983366929,-0.3576261572736107,-0.19063816555219298,38.85130000114441,1
0.01854667685964556,-0.08726591999897644,-0.03655478379636219,0.3630627602678352,0.1330461124427289,0.27629164520658384,38.85130000114441,5
0.01639291711313802,0.11862155100880746,0.010088891357185792,-0.6312203940099692,-0.39920130225586314,-0.2176941803658505,38.997278928756714,1
0.007744916760316755,-0.10010854154143689,-0.04573772312678044,0.45384282796780345,0.23639242061362017,0.3744409650088379,38.997278928756714,5
0.015701604603293413,0.12299122458208583,0.00695562000998004,-0.6415805681424992,-0.4481099731286948,-0.20445822344605966,39.15018916130066,1
0.00843644741766467,-0.10810137537425149,-0.061873908433133736,0.46899624783325833,0.31642750464553476,0.5394140247487486,39.15018916130066,5
0.005401241025829876,0.1401712436538452,0.0015517007611201036,-0.585279380375998,-0.5851935808613514,-0.16448374813475994,39.292641162872314,1
0.02811976384687877,-0.11715633678099928,-0.06728388758790042,0.35396936862818107,0.4024580636174314,0.6282997379428187,39.292641162872314,5
-0.008902183416179441,0.14277689095761759,-0.0013912877397089986,-0.5000845922112804,-0.6252395294136465,-0.15624954460751253,39.437464475631714,1
0.057326200170906116,-0.11885260747080353,-0.07031024893348327,0.16270874313904357,0.4376163291322919,0.7040305675124446,39.437464475631714,5
-0.020728799457072834,0.14252473846994987,-0.010787021879201884,-0.10834830791399495,0.17926862316853942,-0.35231845311297666,39.587494134902954,1
0.0936847366898608,-0.09338355197701143,-0.04089913570318286,0.1083483054407222,-0.17926862429073928,0.35231845323992605,39.587494134902954,5
-0.029064684980559263,0.13905669233791867,-0.014794989289629518,0.2295877236352934,-0.4119031324597376,0.6964598294517836,39.74345135688782,1
0.11247054839237415,-0.05580248272656523,-0.022708890448428918,-0.2295877237451345,0.41190313237467013,-0.6964598294474897,39.74345135688782,5
-0.03962317932207965,0.15447762595703415,-0.028908935843407438,0.7409825145104765,-1.4600716834773977,2.13549814096937,39.91483402252197,1
