vx,vy,vz,t,id
-0.05325785844054803,0.04151545687500369,0.07371251658235799,9.5367431640625e-05,3
-0.05555208270967009,0.04242488551275915,0.07157290429020566,0.10039424896240234,3
-0.057106208659320354,0.042875797634010504,0.06991070992090725,0.20070362091064453,3
-0.05623459467123503,0.04389795339579595,0.07010820110822531,0.30106186866760254,3
-0.052870785409142106,0.04450560032250902,0.07207122376765823,0.4013369083404541,3
-0.04764429413422067,0.04529476243451944,0.07522577447753694,0.501612663269043,3
-0.041630791199105587,0.04538855291905571,0.07857431652982239,0.6018576622009277,3
-0.03572171819421309,0.04545591610100137,0.08164892833454039,0.7021269798278809,3
-0.03044145920538642,0.045036263828380226,0.08408340704046781,0.802443265914917,3
-0.02591269886032638,0.04409825177102644,0.0858610482103355,0.9027955532073975,3
-0.021586355255953368,0.04320066675890747,0.08742451411455752,1.0030922889709473,3
-0.017337095379169918,0.04223120673276553,0.08883750171779077,1.103433609008789,3
-0.012984766395493254,0.04132208011320198,0.09016991291721202,1.2037527561187744,3
-0.008343589856036279,0.04032663392482767,0.09143638710610265,1.3040661811828613,3
-0.003897120293604211,0.03858334807783124,0.09214575211083226,1.4043519496917725,3
0.0007448981359790886,0.03681341743651656,0.09271761763355243,1.5045645236968994,3
0.00544974764119632,0.03510444123093123,0.0931278372575158,1.6048614978790283,3
0.010377272195752305,0.033272365110704916,0.09332746456923705,1.705387830734253,3
0.015164707311766055,0.031719513595212676,0.0934329217322792,1.8057007789611816,3
0.02019893190257427,0.029835405087551232,0.09323016702416605,1.9060149192810059,3
0.025256920734665945,0.027970520976914628,0.0927862049725342,2.0063626766204834,3
0.030238777142937493,0.02612811584113849,0.09214840779625719,2.106717586517334,3
0.03428147062519571,0.02381649940754701,0.09084895963890505,2.2070717811584473,3
0.03807409410866586,0.021590340698757662,0.08938615077673419,2.3073501586914062,3
0.04210380313743554,0.020641950744893986,0.08868920965518629,2.407646417617798,3
0.04516947899186621,0.019052044547458877,0.08741120617096529,2.5079398155212402,3
0.047973200678145596,0.01759235475577294,0.08620044225202005,2.60817813873291,3
0.050720659555334856,0.016423029086874864,0.08504345806331125,2.708465099334717,3
0.053343166493499856,0.0150896943859671,0.08376174047430082,2.808748960494995,3
0.05612736427998361,0.013499585170627111,0.08216695583990244,2.908986806869507,3
0.059168685302410165,0.011364214536218971,0.07994976406905153,3.009284257888794,3
0.06226215361177793,0.00900863107877361,0.07735196582978883,3.1096131801605225,3
0.0660028783523521,0.007164486642240189,0.07504062034393372,3.2099180221557617,3
0.06869776379564986,0.004786478510834461,0.07216895553742389,3.310192108154297,3
0.07183555937708551,0.003243828114246174,0.07001055553241242,3.410490036010742,3
0.07403909931770619,0.0012129576704380607,0.06725188590048135,3.510782241821289,3
0.07602507475960549,-0.0006035419282984739,0.06463645287266043,3.6110715866088867,3
0.07781344231792715,-0.002176968361550316,0.062168905454522624,3.7113749980926514,3
0.07943564077975006,-0.0035653794494987148,0.05987239302706777,3.8116681575775146,3
0.08101132205225596,-0.004777749189056032,0.05762159250979656,3.9119913578033447,3
0.08251892630147357,-0.005907399638800591,0.05541646322709889,4.0123131275177,3
0.08394442408302474,-0.006989731489326207,0.053208208961878986,4.112603425979614,3
0.08534788043954439,-0.007832634369953389,0.05118436747568555,4.212854623794556,3
0.08646220279375547,-0.008905690212029981,0.04909208239575762,4.313141345977783,3
0.08755405817811009,-0.009575354585638463,0.047604185777949795,4.4134521484375,3
0.08849548764607595,-0.010358340126997365,0.04606295972185084,4.513822555541992,3
0.08926474606209604,-0.011204540807758614,0.04459117706008546,4.6141321659088135,3
0.08925626894486341,-0.012366773071839109,0.0427481013704736,4.7144715785980225,3
0.09000779511286815,-0.013021073403464681,0.0414734844221892,4.814759254455566,3
0.09079096135009437,-0.013572581674773048,0.040237657045125406,4.915110349655151,3
0.07581136423015278,-0.0639046789923999,-0.0010136623459818042,5.015405654907227,3
0.0912351291272944,-0.015214172906184625,0.03768353632968458,5.115641832351685,3
0.09202606963341434,-0.015416369782762198,0.03717285949730316,5.215958595275879,3
0.09191681292097101,-0.016009790455052107,0.036462118388599016,5.316210746765137,3
0.09174778857289427,-0.016587472808548772,0.03574179113340932,5.416545629501343,3
0.09240618965168286,-0.01672753930875127,0.035405548262591915,5.516891002655029,3
0.09195920235729824,-0.017577339752776835,0.034504450818594344,5.617174386978149,3
0.0923649249550038,-0.017995553091660954,0.03401271001920523,5.717528581619263,3
0.07011378257976271,-0.06932247957762108,-0.011634655655710834,5.817847013473511,3
0.09230652147720152,-0.01898030122030827,0.033499077870034345,5.9181740283966064,3
0.09169146173448438,-0.019671993767395216,0.033400997435158036,6.0186851024627686,3
0.09236510523634284,-0.019505897210980512,0.03407680168520869,6.118932723999023,3
0.09209404863361255,-0.019663633711280888,0.03445955295986216,6.21918249130249,3
0.09165624824011323,-0.019832177757538778,0.03502526416305683,6.3194825649261475,3
0.09106024902033807,-0.02005202297198622,0.035559982938605635,6.419801712036133,3
0.06806471974393269,-0.07169480056759783,-0.008798829626434287,6.520079612731934,3
0.09085211259658364,-0.019793027780069816,0.03751558120137324,6.620362758636475,3
0.09012005999927108,-0.020034505693802582,0.03841065036975799,6.720679998397827,3
0.0896650843299696,-0.020008851352702,0.03938150456741628,6.820929765701294,3
0.08910569655227886,-0.020169821918708575,0.04016465604099553,6.921199083328247,3
0.0884600706527068,-0.020222081017269463,0.041180477682210025,7.021550893783569,3
0.08868190038909857,-0.019659373625595868,0.04307361481166535,7.121855735778809,3
0.08765865592722279,-0.019561851203095372,0.04481897119828916,7.222140550613403,3
0.08666246072659672,-0.01927474870316716,0.04669596591459149,7.322444438934326,3
0.08555598280707649,-0.018917278854744903,0.04877835880702788,7.422748327255249,3
0.08450555531230777,-0.0183639861144814,0.0509954544318377,7.523105144500732,3
0.0664429859099481,-0.0716386839536199,0.016296727574666423,7.623408079147339,3
0.08083574709207277,-0.016929362894152648,0.056059889738390836,7.723690986633301,3
0.07997683337448455,-0.015882973769911633,0.05836362380046735,7.824018478393555,3
0.0788264998558134,-0.015931064163583107,0.05895646237196742,7.924263000488281,3
0.07961919517966655,-0.016285611875170178,0.05862372223324192,8.024475336074829,3
0.07940111675720492,-0.01713064582780688,0.05761716866719795,8.12472128868103,3
0.08009090321306224,-0.01762017200772219,0.05705809055840879,8.225009202957153,3
0.08059249504448415,-0.018108096168073576,0.05636114031702732,8.325323104858398,3
0.08109321703457967,-0.01875755559825581,0.05521843443753213,8.425843954086304,3
0.08177092593851698,-0.01962652339814352,0.053466237784472716,8.526125431060791,3
0.0839488630434764,-0.020272646252864655,0.05125877967188691,8.626419305801392,3
0.08506364071255883,-0.021471276544873682,0.04819271561231306,8.726723909378052,3
0.08614653225660955,-0.022495407599402606,0.045145281509309416,8.827007293701172,3
0.06475403590153518,-0.07514442139237415,-0.003202152559784885,8.927314281463623,3
0.08901675998493914,-0.023810972819671906,0.03939489302774685,9.02765440940857,3
0.08997658199363577,-0.024538253523379627,0.036026410100434315,9.127972602844238,3
0.0909493358823826,-0.025117100650962672,0.03270565129928774,9.22830867767334,3
0.09159623505076793,-0.025683578969070198,0.029380848588493793,9.328564643859863,3
0.09328730458542958,-0.025605787352816243,0.026669084888508554,9.42892837524414,3
0.09326513459227805,-0.025988846527142465,0.023652701211150328,9.529197454452515,3
0.09454348445780289,-0.025734517042485795,0.021159673412140353,9.629446506500244,3
0.09436977420647905,-0.025941376808023324,0.018528045504816494,9.729705810546875,3
0.09553404275226064,-0.025597382052041644,0.016315488565313934,9.830012559890747,3
0.09539461961287231,-0.02558951028585571,0.014026217085083522,9.930332899093628,3
0.09654983243204841,-0.02518661618658134,0.01219441091454368,10.030584335327148,3
0.09629776254244528,-0.025168774128347796,0.010086337711850902,10.130864381790161,3
0.09617315986017234,-0.02492554473776846,0.008196521244593928,10.231162071228027,3
0.09731294489820345,-0.024391767568914962,0.006782497806348933,10.331456661224365,3
0.0972022290358993,-0.023972095616557377,0.005390668849331436,10.431749105453491,3
0.09718387763352092,-0.02347201985963781,0.00414079184297973,10.532065629959106,3
0.09717533511238821,-0.02292051560830223,0.0028501631752279543,10.6323721408844,3
0.09717184717423301,-0.02246537727878515,0.0015248129861718466,10.73268723487854,3
0.09708662077748907,-0.022049467277938488,0.0001210448974830551,10.833301067352295,3
0.09709058863014593,-0.02171585588151747,-0.0010924875881077164,10.93353796005249,3
0.09834998725394288,-0.02116857811977843,-0.0021227305211721247,11.034210205078125,3
0.09794951762793432,-0.02116417734670526,-0.003258039586292213,11.13451361656189,3
0.09763234148149323,-0.02091766437376345,-0.004352969756250467,11.234821796417236,3
0.09719887483290358,-0.020669674391480212,-0.005367380229450265,11.335105895996094,3
0.09815147420910043,-0.02017672377675575,-0.006181296935162387,11.435401916503906,3
0.09762932629129441,-0.019938868360789418,-0.006982827216926569,11.535718441009521,3
0.0970845354899324,-0.01954845221943106,-0.007868846575664478,11.636099338531494,3
0.09806591949784857,-0.01912715171906911,-0.008441574014785576,11.736393451690674,3
0.09704969017177102,-0.019192766664024467,-0.009296912615511297,11.836697816848755,3
0.09783811161234875,-0.018648481212318952,-0.009931212864167907,11.937034845352173,3
0.09840053195030651,-0.018117810503285606,-0.010433834485377925,12.037317991256714,3
0.09787234086049199,-0.017347516952319113,-0.01071514448802528,12.137585401535034,3
0.09844204353211833,-0.01682455058990681,-0.011004590926476761,12.237955808639526,3
0.09737725763156885,-0.01618815510898071,-0.010926500843687575,12.338263750076294,3
0.09790437623316861,-0.0151378357641891,-0.010345804309351496,12.438577890396118,3
0.09835720896316816,-0.013744316528918924,-0.009041514758231275,12.538872718811035,3
0.09971278296609212,-0.012482923988550958,-0.007472194780245046,12.639207124710083,3
0.09937016688930499,-0.010780053663270473,-0.005204519644498181,12.739511251449585,3
0.10044602654609132,-0.009090167598889112,-0.0027745004934894113,12.839798212051392,3
0.09972216200203744,-0.007978815174581601,-0.0004741078600208068,12.939981460571289,3
0.09938047166179273,-0.008076586307191826,0.0012321559341084126,13.040203332901001,3
0.09940123208470192,-0.008988269922714918,0.0022556663267015017,13.14048981666565,3
0.09964095043724094,-0.010524049338172513,0.0030666559653149215,13.240784645080566,3
0.09997237936928174,-0.012464572149459457,0.003471284227294431,13.341228485107422,3
0.09872699904275249,-0.014146162934353832,0.0034900021932309827,13.441495895385742,3
0.09904861741525564,-0.01607648885666834,0.0030032309134558916,13.54215121269226,3
0.0976384457721565,-0.017629977601993804,0.0020082358638856394,13.642437934875488,3
0.09844263167534077,-0.019582138935564534,0.0001785469506929624,13.742755889892578,3
0.0976602596220624,-0.021512826784134922,-0.00212008303605401,13.843097686767578,3
0.0969822862578947,-0.023319780277659033,-0.004649853177973141,13.94334888458252,3
0.09618822571359067,-0.025018367039247584,-0.00731283208260608,14.043644905090332,3
0.09561507170222112,-0.026020453141914236,-0.010020459471229825,14.14396858215332,3
0.09464466375740145,-0.02723338524469214,-0.012631844113525378,14.244274377822876,3
0.09546420291837394,-0.028146359287506806,-0.015089760923930854,14.344550848007202,3
0.09462707251110847,-0.02819640579044523,-0.016712176178199516,14.44485354423523,3
0.09492780561580433,-0.02867156935377617,-0.01845466119463431,14.545171022415161,3
0.09338449800076033,-0.02852459897600554,-0.01958802340447522,14.645508289337158,3
0.09315086386334688,-0.028454607563081616,-0.02097606109426743,14.745733976364136,3
0.09286370851915805,-0.028314799487431215,-0.022204184896660515,14.846394538879395,3
0.09245245972307853,-0.028354494554715802,-0.023389431144194076,14.946656942367554,3
0.09203083433412079,-0.028386864688480805,-0.024435909503759148,15.046876430511475,3
0.09164955450834486,-0.0284318575753411,-0.025615094216120755,15.1471426486969,3
0.09155309027620968,-0.02871426046601553,-0.02667062349255822,15.247455835342407,3
0.09135696020067968,-0.029419399902009744,-0.0278221797663491,15.347761392593384,3
0.09117764133300602,-0.030506154573069467,-0.02880087764832569,15.448097705841064,3
0.09078243445196657,-0.031988325719070836,-0.029945050362338507,15.548386096954346,3
0.08862006802555313,-0.03270825019959187,-0.030416532092124474,15.648704290390015,3
0.08786241172865576,-0.034098729430548216,-0.03100754654363513,15.748990297317505,3
0.08716923367163447,-0.03507352692474153,-0.03136572633461048,15.849263668060303,3
0.08781176295603671,-0.0369446146249068,-0.03214174831129318,15.949618577957153,3
0.08656663420641285,-0.038129669043813895,-0.032274077212033125,16.05001425743103,3
0.08569950682534883,-0.038901522158450996,-0.03234295139033756,16.1503427028656,3
0.08615109419033798,-0.0402312754643946,-0.032741532317197515,16.250551462173462,3
0.08468190809449713,-0.0405700399458306,-0.03280130877142722,16.35084319114685,3
0.0847941321084867,-0.041883509206074046,-0.033139564601975174,16.451171398162842,3
0.08500055427537402,-0.04268412112493145,-0.03348563143661213,16.55146336555481,3
0.08317935847989058,-0.0432220838779881,-0.033187767501240535,16.651783227920532,3
0.08295816131822369,-0.04443081480082705,-0.03359623018775697,16.752046585083008,3
0.08256822509609625,-0.045554127387580134,-0.033639391543333876,16.852308750152588,3
0.08229229938369349,-0.046871374774459976,-0.03341504982316869,16.952600479125977,3
0.08210214121816362,-0.04791367241697716,-0.033072431679750706,17.052889823913574,3
0.08004228261142696,-0.048532057746598856,-0.03203501387159873,17.153176069259644,3
0.0797038189602816,-0.05027122669296604,-0.03149729145026971,17.253435373306274,3
0.07966344085388534,-0.05210008662794373,-0.030986167049889105,17.353699684143066,3
0.07924155780639304,-0.054119187606673946,-0.030152861925261277,17.454099655151367,3
0.0776957160421931,-0.054923932234669334,-0.02877325604886485,17.554453372955322,3
0.07772656493534566,-0.057212536002001546,-0.0279556943934481,17.65476155281067,3
0.07619757719138394,-0.05772538403000284,-0.02640547987627578,17.75506901741028,3
0.07648278969542856,-0.06014075668389382,-0.025182074304054374,17.855381965637207,3
0.07502823315756653,-0.06029474209556973,-0.022966918404053308,17.955657958984375,3
0.07483114665664405,-0.06163887555634642,-0.021264180238834744,18.05596160888672,3
0.07462900251329964,-0.06265675645483038,-0.019050776420581828,18.15619444847107,3
0.07452170160297902,-0.06374405500221811,-0.017448849742714045,18.256487131118774,3
0.0741963342106465,-0.06377764308808535,-0.016358887886924963,18.356784105300903,3
0.07120940313711714,-0.07251329020162006,-0.010433014024598012,18.457425832748413,3
0.07407121854071312,-0.0649731036356014,-0.0163745846068972,18.557701587677002,3
0.07360659018458274,-0.06452500660772476,-0.017030513423622558,18.658100843429565,3
0.07325744089644066,-0.06431508407255429,-0.01803980121437854,18.758321285247803,3
0.0738657047367901,-0.06546108112330085,-0.019970143032553234,18.85861349105835,3
0.07256578790816845,-0.06407388856663972,-0.020883801383515626,18.95888328552246,3
0.06850507686940567,-0.07297719628008124,-0.020605495427344443,19.05920433998108,3
0.07182497619847579,-0.06515592747804064,-0.02465727778894039,19.159512042999268,3
0.07172110789668046,-0.06582942702833454,-0.026202155776875118,19.25983428955078,3
0.06516236364662067,-0.07368041332185091,-0.02791887583472407,19.360065937042236,3
0.06933735744721979,-0.06467214450066658,-0.027870366430882115,19.460318326950073,3
0.0690305891046458,-0.06520766891793578,-0.02863217220453977,19.56057071685791,3
0.06876218394165384,-0.06519124563910751,-0.029197835964297928,19.660876035690308,3
0.06853789168662883,-0.06620153331068412,-0.029551149720280556,19.76119637489319,3
0.0683267083423495,-0.0664680390898145,-0.030235691620969368,19.861456871032715,3
0.06739455494389089,-0.06589405739108739,-0.02997752237927905,19.961793899536133,3
0.06776308488019234,-0.06716478355350543,-0.030628083872577212,20.0620756149292,3
0.06663728430391748,-0.06653481281663116,-0.030383363811233705,20.16241955757141,3
0.06701015642376637,-0.06791350723168396,-0.030857713070238088,20.262953996658325,3
0.0660818409965364,-0.06744070413123647,-0.030948940835616435,20.363242626190186,3
0.06535361069525816,-0.06730080078892592,-0.030987734032024074,20.46355438232422,3
0.06558385531211176,-0.06896882381852161,-0.03188707809307126,20.56376814842224,3
0.06459089760353566,-0.06867106791343994,-0.031936596763218576,20.66396164894104,3
0.06451333148287205,-0.07026458051421211,-0.03263902209806203,20.76408886909485,3
0.06291048052528748,-0.06915657457233017,-0.0321661121179249,20.86439824104309,3
0.061947870603734606,-0.07016727355159447,-0.032190723902561155,20.96473789215088,3
0.06203228527086476,-0.07282718938942147,-0.032409186238628776,21.065086841583252,3
0.06034371177786344,-0.07365887102038345,-0.03185509799347801,21.165424585342407,3
0.05817362587259386,-0.07386578171612665,-0.03096188622043996,21.26563811302185,3
0.05715384220185957,-0.07677316937458835,-0.030628499542082625,21.36584448814392,3
0.05478169710003308,-0.0772853441544887,-0.029528556754663905,21.466147899627686,3
0.05337245129619061,-0.07980128004550052,-0.028856085639386533,21.56646156311035,3
0.05068747747873929,-0.08037299006999811,-0.027360538600393787,21.66674017906189,3
0.04901148075315879,-0.08290100075375437,-0.026304917409124433,21.767065048217773,3
0.047118613678208306,-0.08529724819255297,-0.02512203816521879,21.867373943328857,3
0.044339733209614374,-0.0852622711932969,-0.02354326438510779,21.967685222625732,3
0.04256831271350928,-0.08748150346419904,-0.022672126025465218,22.068009614944458,3
0.04090217407282836,-0.08959442898518967,-0.02198810940144559,22.168323278427124,3
0.03855812343087478,-0.08921733241445555,-0.0211435067019361,22.268643617630005,3
0.03681624242414221,-0.09104800101329645,-0.02093270894895107,22.368998050689697,3
0.034800310507672724,-0.09061855782427823,-0.02023752420619175,22.469371795654297,3
0.03320712459938646,-0.0922900870729152,-0.02009220554396296,22.569674968719482,3
0.03128501542836411,-0.09175118725335134,-0.019798341021691267,22.669970273971558,3
0.030328265346410692,-0.09388345297037738,-0.019668944211217457,22.770349264144897,3
0.029222167734469978,-0.09361616668380836,-0.018946400521757077,22.87063217163086,3
0.02795109431846847,-0.09346015781479868,-0.01826735682319434,22.970908403396606,3
0.02744883618297367,-0.09578728790388162,-0.017539663193948427,23.071210145950317,3
0.026050985906812537,-0.0953651517243859,-0.01663737135795299,23.17149806022644,3
0.02500896755910961,-0.09478356528805906,-0.01530397271133128,23.271810293197632,3
0.023625525288460132,-0.09707672129679037,-0.014570270333616913,23.372089862823486,3
0.022341959730743485,-0.09697717505260417,-0.01345689651696853,23.47238516807556,3
0.02078514330246292,-0.09664915010035297,-0.012474304549774386,23.572707891464233,3
0.019500971445111405,-0.0984499703128714,-0.011762147712018094,23.673080682754517,3
0.0180591474462491,-0.09820466007813364,-0.011183548675871003,23.7733314037323,3
0.016379542129349067,-0.09734605003843484,-0.010819160698989841,23.87378168106079,3
0.014924277240815529,-0.09890323275794503,-0.010796268740352574,23.97402000427246,3
0.013371007086068651,-0.09785300413464369,-0.010879228256729476,24.0743408203125,3
0.011916197227888201,-0.09951286889558822,-0.011174032732104489,24.1746723651886,3
0.010493266937457951,-0.09851953186698166,-0.011337770635490818,24.274965047836304,3
0.00906351318515086,-0.09968636343582368,-0.011646727844719713,24.3752281665802,3
0.007773977435726564,-0.09874412138170288,-0.011776545190872843,24.475526094436646,3
0.0065352774897425685,-0.1000501840929715,-0.011782296163168386,24.57581615447998,3
0.00544824854703231,-0.09912868691593528,-0.011493404819842271,24.676069021224976,3
0.004730765684236133,-0.09809997474445127,-0.010896332059582991,24.776341438293457,3
0.003323169588355065,-0.09963262958277537,-0.010567869579430591,24.876794576644897,3
0.0023518284614305416,-0.0989180208024939,-0.010285312252611947,24.977065801620483,3
0.0011523131514134858,-0.10019805460338678,-0.010100215574398892,25.077354907989502,3
0.000256410004564155,-0.09878567437350078,-0.009854593356356208,25.17765998840332,3
-0.0007811130729594806,-0.09991898797316172,-0.009672200139921623,25.277937650680542,3
-0.0009707145467244922,-0.09833421561648029,-0.009415678998315144,25.37828016281128,3
-0.0015399148013194436,-0.09987249756523893,-0.009336907035114769,25.47876214981079,3
-0.0014621348968166718,-0.09858113049390328,-0.009144385301868129,25.579049110412598,3
-0.0015561494480820942,-0.09972519965912524,-0.008804407622425512,25.67936897277832,3
-0.001013564523543799,-0.09843967632557661,-0.008395892614934551,25.779677629470825,3
-0.0010371932751822106,-0.0993428094300362,-0.007890064742187342,25.880051851272583,3
-0.000772287897523359,-0.10022467879964618,-0.007148413345809133,25.980313062667847,3
-0.00031775696748090787,-0.09885030328799906,-0.006644162125665974,26.080639600753784,3
-1.9096168687834546e-05,-0.09968993748406058,-0.005832931902833835,26.18097710609436,3
0.0001695628233662154,-0.10021593190017049,-0.004966984483362619,26.281248807907104,3
-3.065332968147118e-05,-0.10101355488626651,-0.0040594961963676115,26.38154363632202,3
0.0005759391939058408,-0.09885061417953046,-0.0032604436109759977,26.481891632080078,3
-0.0001363686752202642,-0.0991274728058224,-0.0023049436774277713,26.58215618133545,3
-0.0008186239662335717,-0.09934357492400345,-0.001367923470025249,26.682438611984253,3
-0.0019264544521772468,-0.09953607117445162,-0.00025545135044013347,26.78273868560791,3
-0.0030182066393956916,-0.09926850101732346,0.0007100936587811375,26.88309383392334,3
-0.004338434521074182,-0.09936213794987575,0.0018885422897901676,26.983402252197266,3
-0.005429229533601193,-0.09924497849006468,0.0029210186886368707,27.08370065689087,3
-0.006894915208328547,-0.09917861425224157,0.0037306636335375297,27.18401551246643,3
-0.008312373128454547,-0.09907756752675241,0.004507247288942956,27.284276723861694,3
-0.009579655288492162,-0.09858759159546454,0.005305046280590604,27.384583234786987,3
-0.011136866315635279,-0.09837346966375185,0.006080606749088612,27.484850883483887,3
-0.012772648960138905,-0.09808608641247314,0.006672453213972876,27.585315704345703,3
-0.014261307308497433,-0.09757307085828713,0.007021451471292995,27.685590744018555,3
-0.01693977615079148,-0.09909108547354573,0.007573176086327485,27.786118507385254,3
-0.0185739852380331,-0.09865417008222167,0.0076582046192857035,27.88642907142639,3
-0.02013595670482666,-0.09811218779765087,0.007672006970801158,27.9867205619812,3
-0.021753639671595094,-0.09751404739715566,0.00748734245931075,28.08700442314148,3
-0.02318740501709969,-0.09709724688458804,0.0074773966844138475,28.187310457229614,3
-0.02464031759168132,-0.09661642121941608,0.0072936067843138944,28.28761601448059,3
-0.0259756336126643,-0.09616580803203185,0.007053313219371678,28.387988567352295,3
-0.027611817816555577,-0.09584559275466527,0.0068740309972111216,28.488242626190186,3
-0.02913539527360938,-0.0953357924060044,0.006556149745567471,28.588515996932983,3
-0.031040094745731467,-0.09506810657918549,0.006392486836038723,28.688833236694336,3
-0.03294117767961009,-0.09440714198152948,0.006073138832296948,28.789228439331055,3
-0.035143816698799964,-0.09388255315233932,0.005715626612203661,28.88954257965088,3
-0.03713389175025816,-0.09297767727995843,0.005092838688610324,28.989862203598022,3
-0.03948120504475819,-0.09214828083438498,0.004480288766273321,29.090341329574585,3
-0.04169877042601084,-0.09111410106391915,0.004000091586816855,29.190982341766357,3
-0.04415283419840687,-0.09025302971792515,0.0035385178847263804,29.29123568534851,3
-0.046514090970588076,-0.0890241435104582,0.0031654194417111993,29.391557931900024,3
-0.048808684427004305,-0.08750788410557131,0.0026871019896783674,29.49181628227234,3
-0.05129292210352007,-0.08614776973624716,0.002419195733762337,29.592063188552856,3
-0.05359292546313643,-0.08408844295290946,0.001761735660598016,29.69234609603882,3
-0.056113390053587286,-0.08232327948671497,0.0013320901060588951,29.792621612548828,3
-0.05837441555712787,-0.08022848247418377,0.0009577452127568946,29.892946243286133,3
-0.06105367877525389,-0.07787556773271653,0.00022959040281713946,29.993194580078125,3
-0.06536319378537239,-0.07694135241420302,-0.00011780025587050996,30.093506813049316,3
-0.06755635328897396,-0.0745700420596499,-0.0005332326674478507,30.193983793258667,3
-0.06963430676709126,-0.07210121857591799,-0.0011054362509067344,30.294313192367554,3
-0.07158567928038606,-0.06972446777342468,-0.0017885421826197923,30.39461588859558,3
-0.07322245405990781,-0.0673952131785122,-0.002588820557044355,30.494868993759155,3
-0.07483594840466608,-0.06477068673136874,-0.003301501981081806,30.595147132873535,3
-0.07885769865372026,-0.06364595311992532,-0.003906728040501814,30.69538974761963,3
-0.08008826113360505,-0.060621851772795665,-0.004686406282272478,30.79569911956787,3
-0.08105037434259896,-0.057458316629889344,-0.005360937683650846,30.895987510681152,3
-0.08449867423846479,-0.05567146892228743,-0.006002513139816351,30.99626326560974,3
-0.08499651151600118,-0.05189231528052447,-0.0067769300846500435,31.09655261039734,3
-0.08572344504154096,-0.0481249367821843,-0.007544969002386854,31.196844577789307,3
-0.08973051698624193,-0.04576748732173587,-0.008164836136227214,31.297094106674194,3
-0.08969217980738278,-0.041493458194782805,-0.00883008438117397,31.397430181503296,3
-0.09325810658561788,-0.03849483837154835,-0.00959249425266159,31.497713088989258,3
-0.09305632129970551,-0.03421614602393749,-0.0101519024965149,31.597983837127686,3
-0.0931409596821417,-0.030085870519836348,-0.010589792729299104,31.698272705078125,3
-0.09619870730694662,-0.026964924889604468,-0.01066599338115488,31.798583030700684,3
-0.09628160031180392,-0.023192800645544867,-0.010553849272791653,31.898951530456543,3
-0.09622098661749215,-0.019598533905205603,-0.010512283442903525,31.99923539161682,3
-0.09926943804466078,-0.01668014244042276,-0.010538542506863173,32.099589586257935,3
-0.09885638007442096,-0.013300224768793317,-0.010474785442477213,32.199958086013794,3
-0.09830954593276099,-0.010188320544332783,-0.01048597602202098,32.3002667427063,3
-0.1003812199735801,-0.007322391332000699,-0.010314519105819691,32.400630474090576,3
-0.09968668907902709,-0.0044646594125055655,-0.0101489994108382,32.501198530197144,3
-0.0995545171829634,-0.00186465853116553,-0.00998966297053619,32.601503133773804,3
-0.09828581142008068,0.0006153976054139934,-0.009479494593597138,32.701780796051025,3
-0.10005776282928602,0.0029140634616823032,-0.008966384522890425,32.802133321762085,3
-0.09906503498911969,0.005036937572913347,-0.008369006389073974,32.90247845649719,3
-0.0978602484262387,0.0071179851792911725,-0.008066094220411067,33.002779960632324,3
-0.0999840052278755,0.009179752032904418,-0.007843177183958935,33.10310697555542,3
-0.09894579037759983,0.010928040046209593,-0.0076240963803847015,33.20343327522278,3
-0.09758251438403354,0.012483366689592755,-0.007280630410150253,33.30372977256775,3
-0.09927289368946804,0.014226989455923501,-0.007088862513726556,33.40408492088318,3
-0.09763619186604387,0.01536662641617287,-0.0069934090126236,33.50433421134949,3
-0.09846723930837797,0.016846830055846956,-0.006815462836334076,33.60494565963745,3
-0.09704514842037754,0.017783459758244326,-0.006906297054928807,33.705233573913574,3
-0.09821204194418498,0.019297804529480326,-0.00688035654321393,33.805598974227905,3
-0.09894488803157453,0.020839807215344862,-0.007034422998736849,33.90586733818054,3
-0.09682939875371488,0.021694262339862186,-0.007455667503363813,34.00614905357361,3
-0.09749768598601709,0.02310319738699366,-0.007556208808314554,34.10662913322449,3
-0.0977678529409086,0.024614180908681407,-0.007589265635306561,34.20692181587219,3
-0.09530173950531536,0.02554992300822654,-0.0074009091394686335,34.30720376968384,3
-0.09558156834983846,0.027303919133146393,-0.006947154399064862,34.40756392478943,3
-0.09569055237245269,0.029044786066880733,-0.006328090032776937,34.50784969329834,3
-0.0956288102049535,0.03101524501976445,-0.005451537437344897,34.60819363594055,3
-0.09542629901844643,0.03325028364523394,-0.0044944492191251965,34.708502769470215,3
-0.09259049439608202,0.03439418412473204,-0.0035972379009613182,34.808767318725586,3
-0.09216458738891278,0.03685329908956467,-0.0023584989803070023,34.909016132354736,3
-0.09163741085076227,0.03934509927170302,-0.0011177199135313331,35.00930857658386,3
-0.09113171814640912,0.04203934206205645,4.2357306883013875e-05,35.109681606292725,3
-0.08997171317611215,0.044800747548643806,0.0010042111817407469,35.21003699302673,3
-0.08927827637874268,0.047599651814444865,0.0020983071768206486,35.3103392124176,3
-0.08577789283442863,0.04897992175584147,0.002692825423419179,35.41063404083252,3
-0.08459108820026888,0.051704070466673795,0.0034738834900913465,35.510901927948,3
-0.08335310040033139,0.05422982608940345,0.004209787111418352,35.611175537109375,3
-0.08180210019138766,0.05669674125160176,0.0047441276745535076,35.711485624313354,3
-0.07997599973439848,0.05913034569248002,0.005386098502103571,35.81183314323425,3
-0.07796723298945944,0.06109574457912855,0.00605328225379277,35.91210317611694,3
-0.07599445335366942,0.06307537308072089,0.006748063864673013,36.01238942146301,3
-0.07581712506935809,0.06665337380991879,0.007540967696957527,36.112699031829834,3
-0.07373750250807172,0.06867537316255207,0.007933024739827495,36.21295928955078,3
-0.07160614839523857,0.0708196060807371,0.008334429474200872,36.313287019729614,3
-0.0694220549106676,0.0729940465363229,0.008708142595007778,36.41364502906799,3
-0.066374405767967,0.07384372034478993,0.008536694546305217,36.51396727561951,3
-0.06456649649707584,0.076317607405343,0.008794664067504558,36.6142692565918,3
-0.062342517291385846,0.07828180520016743,0.008906300089039735,36.71456432342529,3
-0.0603200202045141,0.08023890610795623,0.008727470889172338,36.81491184234619,3
-0.057949225751181804,0.08193927612971699,0.00854225288813191,36.9152398109436,3
-0.05555651288374555,0.0836418479041566,0.00848648267249091,37.0154983997345,3
-0.060903434123102576,0.07837043621906548,0.007763286718407395,37.115829944610596,3
-0.0499964741007726,0.08595027082298241,0.0092754628884934,37.21609973907471,3
-0.04690983448056591,0.08658202517130599,0.009816495917489634,37.31638193130493,3
-0.045178793260199294,0.08920493759603998,0.01073221704492859,37.41668510437012,3
-0.04236883103183279,0.08970447141082755,0.011223437690919704,37.516990423202515,3
-0.039735991979739635,0.0898480258802525,0.011697567557685388,37.617334842681885,3
-0.038233854665681605,0.09165118283196619,0.01235136566724082,37.71783447265625,3
-0.036084189505925394,0.09150445101544402,0.012703730408325663,37.81814694404602,3
-0.034896539125558804,0.0929830820183715,0.01320765851339424,37.918505907058716,3
-0.032710364638200415,0.09238859853514088,0.013420349158635707,38.01875686645508,3
-0.03144003639353017,0.09394330785894575,0.013821781115762379,38.11901330947876,3
-0.05642206368360188,0.08189187454867772,-0.0005591986496330265,38.21930146217346,3
-0.027395383451008268,0.09494746267097269,0.01429719108280436,38.31958079338074,3
-0.025136756371670763,0.09648178114222258,0.014767597369404254,38.41990900039673,3
-0.02171042055191012,0.09584053513225094,0.01515762456159781,38.52019810676575,3
-0.019159198901919687,0.09739954523592768,0.015781427110162994,38.62048292160034,3
-0.01602733486885254,0.09689951034779751,0.015834612268666403,38.720781564712524,3
-0.01341509243971551,0.09847056222824299,0.01604792786933116,38.8210666179657,3
-0.010288283455571028,0.0979285361315042,0.015801825992760733,38.92135787010193,3
-0.007534281741735245,0.09950634655472065,0.015584235787990994,39.021642208099365,3
-0.004407870806644213,0.09909834612953043,0.015089705052480612,39.12191581726074,3
-0.0011279999028481077,0.09860470373957558,0.01462009831607703,39.22220206260681,3
0.002079578861055377,0.09794079271633345,0.013997697288649727,39.32254695892334,3
0.005238406286991367,0.09929854638448075,0.01324306457091809,39.422828674316406,3
0.008835377592859106,0.09820518765111548,0.012066351859941716,39.52310585975647,3
0.01208436355587178,0.09930648923574774,0.010886871098843802,39.6234610080719,3
0.015072923436022536,0.09825384749183591,0.009852689827769868,39.723753690719604,3
0.017907930762889466,0.09724917986647925,0.009046001451563295,39.82409930229187,3
0.020643666946830317,0.0984711693552477,0.00836691067329915,39.924362897872925,3
0.023212812315837782,0.09767491191586512,0.007796797420408602,40.02462720870972,3
0.025764275441162287,0.09681285478815879,0.00693083330845898,40.12495827674866,3
0.02819198632293961,0.09580396894420312,0.006035427079972932,40.22529888153076,3
0.03076832219912144,0.09465556023474443,0.004751406010549785,40.325700998306274,3
0.0337812234932382,0.09457737745014268,0.0031787589225373883,40.426015853881836,3
0.03648814618078528,0.0927627343483725,0.0016512774493153747,40.52627778053284,3
0.03887685922414888,0.09119729582417906,0.00043783467355581335,40.626649379730225,3
0.04155757793261471,0.09164917448114586,-0.0008835369340037487,40.72695851325989,3
0.043774697286134055,0.09003155603287105,-0.0019743455555964132,40.827248334884644,3
0.04593772755872486,0.08875675240091768,-0.0030167680670981586,40.927592754364014,3
0.04799209013641817,0.08747741166721258,-0.0038179326367908306,41.02782583236694,3
0.05003022533417499,0.08621637632225324,-0.0047509765199995335,41.12806749343872,3
0.052065990005721034,0.08486965235129063,-0.005683693485313832,41.22838068008423,3
0.0540695234102937,0.0833946683847352,-0.006897076793172526,41.328678369522095,3
0.05605453536050524,0.08168869876781315,-0.008215575060768688,41.428954124450684,3
0.05814835979041695,0.0799869062252139,-0.00976285958325895,41.529210805892944,3
0.06080106939556142,0.0795945101639526,-0.011703618287144581,41.62955284118652,3
0.06253513495126599,0.0774199298762154,-0.01326175762351912,41.729790687561035,3
0.06417657589935641,0.07551886491386825,-0.01485874114108625,41.83009195327759,3
0.06559473531684563,0.07349683898371114,-0.016423446452966062,41.93038201332092,3
0.06686747029091736,0.07220082721479044,-0.017723112837039243,42.030638694763184,3
0.0680440764819856,0.07077898411742319,-0.01892292483601727,42.130932092666626,3
0.0692205694522428,0.06947049136164604,-0.02007093879041324,42.231240034103394,3
0.07032371516451115,0.06824860214001793,-0.02106839467231645,42.33155179023743,3
0.07151950088299042,0.06710688125463754,-0.02199337888335963,42.431861877441406,3
0.0718413714101952,0.06462053545695183,-0.02252102427423608,42.53208684921265,3
0.0730008137541102,0.0634777280194088,-0.023339434576769597,42.632404804229736,3
0.07427245760256065,0.06260286942032778,-0.024127888735947425,42.732715368270874,3
0.07553983244757473,0.061561404161210705,-0.024949498836370227,42.83303165435791,3
0.0756172615280614,0.05922447331343687,-0.02497465684898528,42.93324565887451,3
0.0769811574417023,0.058597602026435616,-0.025536451388100404,43.03353667259216,3
0.07812053152103689,0.057476707909554454,-0.026017879210105878,43.134074687957764,3
0.0793411456375222,0.05623701805629361,-0.02654594040084994,43.2343213558197,3
0.07949591245666979,0.05374985998789984,-0.026545562687487523,43.334633588790894,3
0.08074652538873858,0.052777009133347284,-0.02675861993564211,43.434914350509644,3
0.08198565279883178,0.05200359637217582,-0.026887657218850773,43.53522491455078,3
0.08201594594501098,0.050021184422417674,-0.02636918486633315,43.63551902770996,3
0.0831418216849086,0.049543259626868674,-0.026284163088150913,43.7357861995697,3
0.08313899361745146,0.04780229708470228,-0.025594960161805753,43.8360710144043,3
0.08432219623106063,0.04721428105360941,-0.02563739283856104,43.93637681007385,3
0.08557342166300007,0.04660392293530421,-0.025561983205991835,44.03668522834778,3
0.08555963787217336,0.04472730814523506,-0.025130214857001402,44.136982917785645,3
0.08683559414950263,0.04404762844129208,-0.02530116963404959,44.2372612953186,3
0.08677106231869988,0.04196868155470687,-0.025055048251100564,44.33759784698486,3
0.08798861776738487,0.04141898523029897,-0.02529138888658886,44.43798875808716,3
0.08796012278411322,0.03955908170705567,-0.025161109930655987,44.53823971748352,3
0.08919244889385933,0.038831124405690635,-0.02567508942002322,44.63886761665344,3
0.08904989665292337,0.03715489988042861,-0.025735742560967213,44.739136695861816,3
0.09016299579930048,0.0364918569495984,-0.02635043082644235,44.83940386772156,3
0.0898988477999153,0.03488733677787718,-0.026414864445559745,44.93968391418457,3
0.08953069354151684,0.03336666736026474,-0.026604028648307545,45.040038108825684,3
0.09052250412758221,0.03263952654550687,-0.02755134354126586,45.14028024673462,3
0.09025276169136862,0.030681387251854465,-0.02825601978330781,45.240583181381226,3
0.09148497337647428,0.02963602392420754,-0.02938612533345921,45.34085035324097,3
0.09117649435119618,0.0276269649794552,-0.029661446045476998,45.441394567489624,3
0.08886898316425332,0.036477198089883645,0.029596370687965695,45.54157829284668,3
0.09211220228008206,0.02596939617478783,-0.0299994065946276,45.641801595687866,3
0.0918430339010838,0.02461802530470796,-0.030612503594543674,45.742281675338745,3
0.0915347761190098,0.023070085585609294,-0.03173043194870811,45.8425772190094,3
0.09117497170839668,0.02130753194449994,-0.03264256225401633,45.94287443161011,3
0.09245195821969787,0.020475344428997164,-0.03340308362363212,46.043132305145264,3
0.09190117321752724,0.01857067623537856,-0.0334267788407608,46.143407344818115,3
0.09286401460989284,0.01811734391875352,-0.03357679876325734,46.243754386901855,3
0.09232145901180856,0.017195030991726524,-0.03308615269534818,46.344045877456665,3
0.09317190423139102,0.0171593643841967,-0.03303227950705124,46.444382667541504,3
0.09252416725487349,0.016416380414129766,-0.03244195116383406,46.54460692405701,3
0.09348825022498557,0.01648335452236964,-0.032170126577227884,46.644914865493774,3
0.09306579922428644,0.01576800843971279,-0.031296049691804155,46.745190382003784,3
0.094010454933585,0.015578825951202477,-0.0308348241858493,46.8455548286438,3
0.09353501433288235,0.01485745753726973,-0.029810967505252507,46.94584512710571,3
0.09462663670120491,0.014481937320761352,-0.029552735238873525,47.046122789382935,3
0.09445548921562982,0.013138755564975815,-0.029356782785174975,47.146405935287476,3
0.094298442051078,0.011482280187376945,-0.029513498406686517,47.246721029281616,3
0.09428221904097626,0.009692997808509811,-0.029722235805254373,47.3470139503479,3
0.09419864016693962,0.00785673390486756,-0.02994440859246819,47.44731688499451,3
0.09573090098039416,0.006634816993357178,-0.03048191801815256,47.54761362075806,3
0.09559495320982617,0.005068967197054077,-0.030651864570964967,47.64793658256531,3
0.095571350473142,0.0037463498551720343,-0.030668830381226937,47.748172760009766,3
0.09521416861782746,0.002403531739693182,-0.03086555390345756,47.848515033721924,3
0.0951221596172557,0.0014358678210513818,-0.030870929962599436,47.94882845878601,3
0.09521352159336609,0.0006757294639456726,-0.030821176314757674,48.04900932312012,3
0.09531251949659393,-0.00010919661466629246,-0.03059695272609091,48.14922571182251,3
0.09522365740751715,-0.0008699516060638422,-0.030336293235455707,48.24955463409424,3
0.09521038264771485,-0.0013827881122113646,-0.029797825311561676,48.34985089302063,3
0.09505348214786394,-0.0015735403106067036,-0.02901678964138524,48.450135707855225,3
0.09652950500299114,-0.0011548258508172534,-0.02816620520817971,48.55042886734009,3
0.09625443948489991,-0.0012109879552471715,-0.027340272148733243,48.65072178840637,3
0.0961493253113587,-0.0015946651044009327,-0.02688497185429248,48.75104069709778,3
0.09607481096591439,-0.0024208428246652487,-0.026633639147094712,48.851391315460205,3
0.09624316764495357,-0.003389938283494036,-0.02651136357422577,48.95170593261719,3
0.09680182644855387,-0.004294034993381426,-0.026436924285214627,49.052064180374146,3
0.0954399256491762,-0.005753527386033082,-0.026400635107274542,49.15231966972351,3
0.09618523320854831,-0.006738605272822934,-0.026446606794984857,49.25268220901489,3
0.09692397976225292,-0.0076501421494941015,-0.02640970645985479,49.35312557220459,3
0.095753120717703,-0.008484622913099546,-0.02638322113542453,49.453606367111206,3
0.09629387001526969,-0.009013949057524935,-0.02620648707637269,49.553916454315186,3
0.09642698329674791,0.020813347014823975,0.02068417942447846,49.65419840812683,3
0.09560971184743687,-0.009323824470031826,-0.025781979892429824,49.754539489746094,3
0.0957939673268728,-0.009601795564375157,-0.026022166155290058,49.85484576225281,3
0.09571874047087532,-0.00995055702035908,-0.02660838066191503,49.95519757270813,3
0.09564561829649079,-0.010491884961708099,-0.02691524204019861,50.05547618865967,3
0.09560906735367092,-0.01108711388040682,-0.02693527743905609,50.15575933456421,3
0.09602507523027544,-0.01158288335535671,-0.026689941038782927,50.25607633590698,3
0.09600699148555675,-0.012411900089988478,-0.026140925773753997,50.356412172317505,3
0.09637346326560176,-0.012966193723874992,-0.02537068420941172,50.456679344177246,3
0.0967606242919666,-0.013604279403430685,-0.02430403504010027,50.55692148208618,3
0.09708330655150513,-0.01418783799611011,-0.022998201807391566,50.657230854034424,3
0.09571706088949056,-0.014501011099537175,-0.021970414671588622,50.75751829147339,3
0.09614017803817695,-0.01506219560059063,-0.020616435834066377,50.85779905319214,3
0.09654183353908985,-0.015778235604981178,-0.019022635221712905,50.958088874816895,3
0.0971108847271577,-0.016583092628357672,-0.01736770336124958,51.05836081504822,3
0.09775960968022535,-0.017455996409480645,-0.015653939078593294,51.158655405044556,3
0.0964312895329092,-0.017739242959145467,-0.014383471623001447,51.25898885726929,3
0.09684839745545791,-0.018509466168461254,-0.012912653313249726,51.359302043914795,3
0.09727000917768398,-0.01935157643236806,-0.011419624348016305,51.45961880683899,3
0.09759131237473473,-0.020254662172960635,-0.00987074934129003,51.56002759933472,3
0.09790672368622536,-0.02120010499818282,-0.008221275056035886,51.66032361984253,3
0.09803470104940801,-0.022006634475814076,-0.006628369106131305,51.76064372062683,3
0.09799634192162082,-0.022853682418701615,-0.0051914544144474875,51.860984802246094,3
0.09643400369516308,-0.02313374330969579,-0.0043983107169935235,51.96130442619324,3
0.09682245983008231,-0.02396129507792101,-0.0030009365412415182,52.06158113479614,3
0.09689357405925755,-0.024507858258452704,-0.0016954358145865676,52.16184139251709,3
0.09717191614301879,-0.025242754476295787,-0.0003411144089798271,52.262157917022705,3
0.09707321621316499,-0.02584426049696699,0.0011913924988547252,52.36279654502869,3
0.09704582972009658,-0.026699733899615934,0.0028226201080015995,52.463098764419556,3
0.09692328785600055,-0.027773560816409713,0.004621425570511089,52.563403844833374,3
0.09474759418215786,-0.028218052356999285,0.00561237227733606,52.66371822357178,3
0.0945258564926708,-0.029581520986859164,0.007273517100196899,52.76404070854187,3
0.09425516311883994,-0.030944510189838022,0.008821538170915076,52.86428666114807,3
0.09396563410181104,-0.0324673850924187,0.010323509037379216,52.964595079422,3
0.093553235776718,-0.03367838763010814,0.011779455686379996,53.06479525566101,3
0.09315239366556254,-0.03539378459244612,0.012941134737377905,53.16509199142456,3
0.09273118183749313,-0.03703785041598452,0.014347670552870144,53.26541590690613,3
0.0688407999432539,-0.06907618520077244,-0.019343762004936333,53.366034746170044,3
0.08986369901368253,-0.039122020132041815,0.01583012102059081,53.466341495513916,3
0.08966723655967442,-0.04022416518293911,0.01743754987317108,53.56664848327637,3
0.08974078931680038,-0.041042835247407504,0.019208862518707723,53.666956663131714,3
0.08954949235347202,-0.041993054089484665,0.020556672448274214,53.76726579666138,3
0.08746734401558603,-0.04150265915681594,0.02075136841019067,53.867592573165894,3
0.08683920160740916,-0.0422677308814873,0.02158206564875738,53.967928647994995,3
0.08784306098107271,-0.0442308886264901,0.023064916077494287,54.06812620162964,3
0.08711276902773446,-0.0451881189288819,0.02357457862202182,54.16841721534729,3
0.08609367782094617,-0.04627463511307281,0.023897918038021795,54.268949031829834,3
0.08566128173952199,-0.04732199323014291,0.024455693627884433,54.36923313140869,3
0.08481831185451465,-0.04886595888174607,0.02468371739191601,54.469632625579834,3
0.08419172019157854,-0.049994530390152524,0.024728165290496734,54.57015800476074,3
0.08202757224506996,-0.050039383271891905,0.023686631457723827,54.670475244522095,3
0.08178068884007811,-0.05123586118182614,0.02355647346828766,54.770813941955566,3
0.0815767384728214,-0.052428991500944426,0.023474699704373655,54.87110161781311,3
0.08134025912367046,-0.05354774269518961,0.023349803344814738,54.9714138507843,3
0.08115400831619068,-0.05472208127087602,0.02317865684619342,55.07173228263855,3
0.08079961569585861,-0.055994842875149956,0.023226997629948058,55.17207479476929,3
0.07881574597564187,-0.05572273512192979,0.02229596946085223,55.27236485481262,3
0.07831977725366246,-0.056747757364743086,0.0223035154767355,55.37266230583191,3
0.07806117475901901,-0.05761556944534819,0.022422735494001263,55.472981214523315,3
0.0778334823492572,-0.058471852814933584,0.022636497372176014,55.573264598846436,3
0.07782209423697445,-0.05911659612799376,0.022950937644726933,55.67355823516846,3
0.077303967996774,-0.060122217117002205,0.023168292230503172,55.773788928985596,3
0.07708555611396214,-0.06091193741804031,0.02354763738978217,55.874024868011475,3
0.07519851525884669,-0.06019652113410387,0.0227526222358234,55.97429704666138,3
0.07509963915933592,-0.06104507062818068,0.023320414447563335,56.07459044456482,3
0.07507691190275427,-0.0617644057251579,0.024009532710937403,56.17497396469116,3
0.07511902037653312,-0.06252351892600105,0.0248646053940201,56.27514410018921,3
0.07351140166533074,-0.061643010157617154,0.024709004056356645,56.375478982925415,3
0.07347385482276111,-0.06240227617298186,0.02567156293911622,56.47575116157532,3
0.07350227787802163,-0.06282405799030594,0.0265628047183224,56.576130628585815,3
0.0731265519366774,-0.06361297101265047,0.027307835199351167,56.6764030456543,3
0.07292930234048677,-0.06424503132398254,0.028099303272983527,56.77673840522766,3
0.07115456446315538,-0.06277141387777778,0.027735142351384145,56.87698745727539,3
0.07088950222408742,-0.0633135215757887,0.028822248539195492,56.9772675037384,3
0.07019036843337823,-0.06376856682581843,0.02990343160702677,57.07752966880798,3
0.06982447060982469,-0.0642301172980251,0.031173740621156108,57.17815446853638,3
0.06928177611068081,-0.06461513274192592,0.03232933470696482,57.2784149646759,3
0.06883557623166121,-0.06526583882758223,0.033670078068130126,57.37872338294983,3
0.06825043830650371,-0.06567042303982584,0.034834152616672096,57.479037284851074,3
0.06763816949273992,-0.06603151957546151,0.035840509235227656,57.57934641838074,3
0.0670148568035766,-0.06627642072707154,0.036381629884169084,57.6797149181366,3
0.06632689340749974,-0.06658657594265446,0.036806973281831634,57.7803373336792,3
0.06517146148035492,-0.06678401031851117,0.03699036948071477,57.8806426525116,3
0.06402874623270298,-0.0671291711342585,0.0371218054028073,57.98094987869263,3
0.06271682100108113,-0.067342912513575,0.037122739034621814,58.081275939941406,3
0.06246097513682323,-0.06944350709252373,0.037987758318524315,58.181588888168335,3
0.06112272821980664,-0.06985753433061485,0.0376416090794406,58.28186917304993,3
0.059409046089084545,-0.07027270460643208,0.03697854860317532,58.38244915008545,3
0.05901941901309347,-0.07289367502727476,0.037459234942860055,58.48272728919983,3
0.05756175535040323,-0.07339990510079475,0.03673234876078391,58.583054542541504,3
0.05578271412577704,-0.07377393133717972,0.03585496108853047,58.68334698677063,3
0.05527894184384803,-0.07653547614698962,0.03602056939250722,58.7836537361145,3
0.0537392380688997,-0.07712619162319716,0.03526976032958649,58.88402271270752,3
0.05200370021649906,-0.07749195415792917,0.03429614313381167,58.98427987098694,3
0.05059480486773095,-0.07798228234019854,0.033343919991267915,59.08453917503357,3
0.050517944120496844,-0.08080261191691,0.033492438234788716,59.184903144836426,3
0.04919403954067609,-0.08127864757632414,0.0323796066406809,59.28520894050598,3
0.0483286197130158,-0.08145823948506122,0.031686715651490754,59.3854615688324,3
0.04702886810731589,-0.08175470906302511,0.030464406524275532,59.485936641693115,3
0.046894045447019285,-0.08433825834121646,0.03056912772011762,59.58629369735718,3
0.045786829717662236,-0.08431908272115163,0.02978652769416542,59.686628341674805,3
0.0445669705561121,-0.08418607397980496,0.028815823159100865,59.78695607185364,3
0.040867978946447836,-0.08629679611904106,0.02813592904134502,59.88727331161499,3
0.042953479769126585,-0.08610366347889267,0.027918241438907032,59.98763084411621,3
0.04180425342596703,-0.08592612321715454,0.027088253171052373,60.08795118331909,3
0.04157684110269357,-0.08773403940465978,0.02699302439299241,60.18822431564331,3
0.040453658533864734,-0.08762719954919523,0.026186564185872917,60.2884726524353,3
0.03961455673317996,-0.08744616061676871,0.025274390640173502,60.38881063461304,3
0.039208358640548426,-0.0895419977192693,0.024830771804329136,60.48905897140503,3
0.03847979910715958,-0.0889807832141631,0.02375951025579543,60.5893771648407,3
0.037851969027380326,-0.0886093362239881,0.022765346083357462,60.6896333694458,3
0.03767531421514278,-0.09070923522828346,0.022545461786010607,60.79003429412842,3
0.03685474095607218,-0.08993422662520839,0.02154427430959619,60.89031362533569,3
0.03651355356980867,-0.09176595462566613,0.021198544539624286,60.9906108379364,3
0.03574088622156713,-0.09097541617669405,0.020162990981392948,61.09090065956116,3
0.03517717708586835,-0.09249196761560585,0.01939870164937165,61.1912305355072,3
0.03418895174342135,-0.09149393284432294,0.01812601674201484,61.291515588760376,3
0.03366243367464829,-0.09324718059898145,0.017362284522941834,61.391820669174194,3
0.03290976247173144,-0.0922078060860682,0.016421162875369516,61.49208116531372,3
0.031676889248297,-0.09436782260827532,0.015388279000279594,61.59234881401062,3
0.030398956111387203,-0.09373866613008655,0.014277362098110346,61.692673206329346,3
0.029013439616642243,-0.09540619187121459,0.013250460974415283,61.79313325881958,3
0.027604671908371563,-0.09493057885231802,0.012062866751593813,61.8935272693634,3
0.02618844402125913,-0.09643532327880387,0.010686494788541815,61.99417161941528,3
0.024613815878160382,-0.09567116072076422,0.00927677358510695,62.094502210617065,3
0.022905387302908035,-0.09737448728845556,0.008057188273009832,62.19481182098389,3
0.021019471434013715,-0.09876210007909152,0.006724103473836307,62.29513907432556,3
0.01914394598094783,-0.09770638342581688,0.005724662361005769,62.395469188690186,3
0.016831684112629544,-0.0991621281036837,0.004621887921370562,62.495776891708374,3
0.01469133628925544,-0.09801127463600734,0.003781345806355454,62.59609127044678,3
0.0122958341593776,-0.09918006829225043,0.0026173568484572705,62.69641137123108,3
0.009802619499269482,-0.10012932946660594,0.0014549118109492955,62.79674673080444,3
0.007945970305521369,-0.09860621888120648,0.0007484416563451205,62.89699387550354,3
0.0055301610499403206,-0.09915934496211366,-0.00032848625697816435,62.997342586517334,3
0.0032100623524662624,-0.10039698311194514,-0.0014019692318152296,63.09767508506775,3
0.0007958091858931452,-0.10112961169988258,-0.0025505881398145973,63.19797158241272,3
-0.001113864989213062,-0.09972500043598236,-0.0032120326081295776,63.29828357696533,3
-0.0034826672782165176,-0.10066104076881688,-0.00441733784456163,63.398587703704834,3
-0.004954977973046467,-0.09904742370047398,-0.005161084857047701,63.498902797698975,3
-0.0071974017378593925,-0.09979451944182968,-0.006637790265865869,63.599228620529175,3
-0.009238915101140572,-0.10022870878596198,-0.008126839633193453,63.69954228401184,3
-0.010423689764213687,-0.09819643703529192,-0.0090032084152569,63.79984188079834,3
-0.012350210735522232,-0.09826080474576294,-0.010695536684834714,63.90004849433899,3
-0.014229415451569121,-0.09827286526745334,-0.01242808329885745,64.00029182434082,3
-0.01598098303204034,-0.09835715257089676,-0.014130074684770259,64.10060405731201,3
-0.01691657828772308,-0.09630927785870518,-0.015210857728299436,64.20098662376404,3
-0.018723773594221834,-0.09620134389481234,-0.017089787868861766,64.30142998695374,3
-0.020741758643310355,-0.09625994985078355,-0.018962360410040756,64.40174508094788,3
-0.022747191390778125,-0.09615779152156273,-0.02085007706522662,64.50204229354858,3
-0.023671214655764983,-0.09367969141422006,-0.021912176718192875,64.60234260559082,3
-0.025403479472075916,-0.09339338199174611,-0.0237259502538731,64.70270776748657,3
-0.027495270809200664,-0.09301774600327892,-0.025638817796774308,64.80299472808838,3
-0.0293172790177216,-0.09229348050085787,-0.02757504638395348,64.90328025817871,3
-0.03099969171655223,-0.0915300682003976,-0.02938078976349391,65.00359320640564,3
-0.03174263115650644,-0.08891008013967648,-0.02980407105675413,65.10396671295166,3
-0.03331875118560561,-0.08826165972456419,-0.03131604154862441,65.20421099662781,3
-0.034957724235743566,-0.08749671401348151,-0.032795327739784205,65.30449080467224,3
-0.036644526624047914,-0.08681329525121802,-0.034126429683301075,65.40483736991882,3
-0.03842480147106078,-0.08576528122682577,-0.03530236000274075,65.50509691238403,3
-0.040310858871096776,-0.08531306832369905,-0.03664396061719272,65.60543060302734,3
-0.04070927400662778,-0.08278804972604123,-0.0363047921707607,65.70572781562805,3
-0.0425083047986887,-0.08181398902709881,-0.03685370786792286,65.80596041679382,3
-0.04442649611501899,-0.08134454569877636,-0.03741607333061318,65.90616059303284,3
-0.0462863465089346,-0.08090271186678925,-0.03795482504849571,66.00633096694946,3
-0.04648357030856072,-0.07875255220137117,-0.037530419254355976,66.10649943351746,3
-0.04822484018510998,-0.07821173904415163,-0.03825743652045308,66.20666837692261,3
-0.04982442191844581,-0.07762346409746607,-0.03882948549307987,66.30680632591248,3
-0.05162966750033544,-0.07713013160660291,-0.03941866556101609,66.40694332122803,3
-0.05147462043807565,-0.0749171991049573,-0.03851608098895794,66.50709581375122,3
-0.05312359066204555,-0.07415647399873307,-0.03902858363819626,66.60727977752686,3
-0.05466429073021248,-0.07369046258641081,-0.03948369784456378,66.7074511051178,3
-0.05635500870042415,-0.0731589441902734,-0.039970066418638955,66.80762529373169,3
-0.05792440323460297,-0.07239773232343255,-0.04050034013987543,66.90780472755432,3
-0.05788912531906012,-0.07031190717068043,-0.039672257691568104,67.00801491737366,3
-0.05953726246941454,-0.06964925391378925,-0.040072967848378556,67.10815453529358,3
-0.06153191261328493,-0.06907855025671493,-0.04042217206883424,67.20839405059814,3
-0.06168273753757554,-0.06704759820336667,-0.039434354924699516,67.30868768692017,3
-0.06346330244407161,-0.06628186976841365,-0.03965412618273994,67.40895962715149,3
-0.0653368660162146,-0.06592964154801216,-0.03971322842492469,67.50923275947571,3
-0.06501195323712212,-0.06390221783825001,-0.03829560253434648,67.60967779159546,3
-0.06676367322111879,-0.06357119453424186,-0.03799186199866962,67.71013307571411,3
-0.06850894795487604,-0.06332923041366705,-0.037888353518216046,67.81066179275513,3
-0.06796247440896762,-0.06178764767855348,-0.03660864218681201,67.91091680526733,3
-0.069138613057553,-0.06146064566672817,-0.036737893756475945,68.01121211051941,3
-0.0704904598192785,-0.06106246273684823,-0.03682755059978157,68.11152267456055,3
-0.07161203023609149,-0.06040662054342044,-0.03733493019177741,68.2117612361908,3
-0.07263411211233024,-0.059807734833290424,-0.03731232548463037,68.31208086013794,3
-0.07173311864485861,-0.05787662906698843,-0.03645942497768908,68.41236591339111,3
-0.07285598131251378,-0.056945538213692144,-0.03650019367762742,68.51261782646179,3
-0.07406866435610591,-0.05588662368645181,-0.03651403652099009,68.61294651031494,3
-0.07531159712702247,-0.05498786140270918,-0.03631916508640343,68.7133092880249,3
-0.07672314707731748,-0.05384985242699056,-0.036138214698738826,68.81386518478394,3
-0.07806263671880131,-0.052684694600882334,-0.035855236123649326,68.91430878639221,3
-0.07939398524029313,-0.051683116531840816,-0.035253496972752964,69.01458477973938,3
-0.07852285583040557,-0.049561052033730554,-0.03420668438986645,69.11487627029419,3
-0.0796828266198757,-0.048374695767308996,-0.03393345001198712,69.21517610549927,3
-0.08095996834900875,-0.04729167368165745,-0.03352967959807161,69.31547927856445,3
-0.08162867981415572,-0.04618580270415789,-0.032923507434825194,69.41579389572144,3
-0.08265016889167542,-0.04518358984257093,-0.032232954013288816,69.51603770256042,3
-0.0836520305129822,-0.04429473260219524,-0.03141784564287643,69.61636233329773,3
-0.08480875614602489,-0.043492856631948816,-0.03044642817822404,69.71667194366455,3
-0.0860803473960436,-0.04263818791546243,-0.02940514671968488,69.81700587272644,3
-0.0872957201948614,-0.04158633686766399,-0.028415358004122912,69.91714525222778,3
-0.08838782109212438,-0.04047245632495916,-0.027113639809786285,70.01741600036621,3
-0.08926510539274145,-0.03914411783608236,-0.025667961451440267,70.11769247055054,3
-0.08968905278542885,-0.03767746439870204,-0.024152220874976916,70.21798396110535,3
-0.09027197468517906,-0.03620167784884925,-0.02270754221666241,70.31827664375305,3
-0.09071014144270945,-0.034740196814331645,-0.02103907744454881,70.41858220100403,3
-0.09334166194824157,-0.03325571174944625,-0.01965970859597445,70.51889443397522,3
-0.09366356453823599,-0.03145358302431988,-0.018034253890717236,70.61919283866882,3
-0.09396600193420113,-0.02958464303461945,-0.01643563679648125,70.71947360038757,3
-0.0941968856871516,-0.02762642090146968,-0.014650868454704211,70.81976866722107,3
-0.09654085414402476,-0.025602436656621336,-0.012853708158149223,70.92003178596497,3
-0.09647534426439978,-0.023519482691427725,-0.010862488199872743,71.02025723457336,3
-0.0962942863416645,-0.021439937454312975,-0.008841618332490503,71.12056922912598,3
-0.09801292722725148,-0.019189757396923537,-0.006583859484880891,71.22084856033325,3
-0.09747680363882093,-0.017165025041764915,-0.004479134747053469,71.32116150856018,3
-0.09871806461574882,-0.014960342888393544,-0.0022135466046709694,71.42170119285583,3
-0.10001635669784825,-0.012610698896823348,-7.19703201342472e-05,71.52194905281067,3
-0.09911426133506974,-0.01047019923142765,0.0016873274755989113,71.62231850624084,3
-0.10012860386897793,-0.00788136353305576,0.0037985694333103853,71.7226243019104,3
-0.09876458406954298,-0.005564989467049977,0.005538231702932479,71.82292771339417,3
-0.09941405731130266,-0.002645288751420897,0.0077278859351863185,71.92324471473694,3
-0.09972099324655626,0.0003288116990906604,0.010050779227238233,72.02349901199341,3
-0.09990300274441265,0.003453887878237945,0.012503478727251223,72.1238100528717,3
-0.09777762866909238,0.00610118952452185,0.01456704972834702,72.22405505180359,3
-0.09756399174906917,0.009499353019572908,0.01728158844380627,72.32434296607971,3
-0.09708988740314849,0.01284858097399487,0.020177682531283953,72.42487812042236,3
-0.0970300013556098,0.016254716698250404,0.022878830877531935,72.52526354789734,3
-0.09416541840611453,0.01883098532332491,0.024816059420329408,72.62545037269592,3
-0.09401357455502045,0.02220707522538906,0.027295325922628493,72.72571873664856,3
-0.09159826044845618,0.02455065826173434,0.028949090763818096,72.82607865333557,3
-0.09085593157972342,0.027788220052696898,0.031176209159742025,72.92636322975159,3
-0.08858775438187563,0.02995311668905553,0.032664376273868576,73.02665853500366,3
-0.0883394322217279,0.03323384777815913,0.034792073440562406,73.12693977355957,3
-0.08608318726199098,0.03544644961245047,0.035874516210353626,73.2272264957428,3
-0.08371473259332805,0.037570438244803384,0.03683696350433213,73.3275420665741,3
-0.08298223173677984,0.04089735777878819,0.03860793980245652,73.42785120010376,3
-0.08032184606804495,0.04302127273564876,0.03938625440490686,73.52818751335144,3
-0.07923643832134845,0.04638204169828101,0.041041835016389874,73.62845230102539,3
-0.07648472417624586,0.04846629571014281,0.04174437553254635,73.72874546051025,3
-0.07379279992281948,0.05058303964694991,0.04239241006642218,73.82908987998962,3
-0.0724622375254624,0.05399255246466538,0.043648459852421446,73.9292962551117,3
-0.06983472486060732,0.05607573012016051,0.04403895217391279,74.0294303894043,3
-0.06716919062651654,0.05826846409737939,0.044247582524325146,74.12972331047058,3
-0.06450824018075663,0.06032473734275062,0.044608408118883676,74.23002767562866,3
-0.06342676880370697,0.06383041048050044,0.04598313100788562,74.33029413223267,3
-0.06074479948432072,0.06597245062034911,0.04643849144109152,74.43059206008911,3
-0.05687194254440643,0.06659436523759585,0.04594273192730653,74.53106951713562,3
-0.05455259319209957,0.0686263917785327,0.0461153194235731,74.6313796043396,3
-0.052291113421934335,0.07069866645809456,0.04614734481292701,74.73168277740479,3
-0.05025888981378687,0.0726930645235519,0.04622979878455557,74.83211302757263,3
-0.04838891900098431,0.07472336802677902,0.046276757365696086,74.93239068984985,3
-0.02167261181235193,0.08499645658608314,0.051682325368458654,75.03266525268555,3
-0.043608847378270435,0.07703401721959988,0.045749712716972764,75.13290166854858,3
-0.04210066982481009,0.07884837025971464,0.04611870266319806,75.23320364952087,3
-0.03976222725850147,0.07897203004314397,0.04572817502418193,75.3335382938385,3
-0.03853771684838089,0.08066641506262705,0.04617258228269902,75.4338207244873,3
-0.03592847292602063,0.08041838499127237,0.04545974414917653,75.5340723991394,3
-0.03454704612759918,0.0818545191342659,0.045799840855396005,75.63434481620789,3
-0.032980459651885015,0.08300706579795368,0.045872192543153216,75.73465466499329,3
-0.031229920218866593,0.08402158678077747,0.04584404267059767,75.834969997406,3
-0.029280016578487306,0.0849184725636239,0.045778598472879635,75.93528747558594,3
0.011442244342986352,0.08606234639791344,0.05226742994834114,76.03556275367737,3
-0.02472153191013321,0.0848063836673791,0.04461700684532235,76.13582229614258,3
-0.023181893606809213,0.08571286900131121,0.044252165664467824,76.236093044281,3
-0.022158329254146923,0.08692679094977956,0.04402359715337926,76.3363881111145,3
-0.02107383616843859,0.08807829976740585,0.04378305705112404,76.43667936325073,3
-0.019019107968860777,0.08702389807977576,0.04304768178708122,76.53699493408203,3
-0.017781799945515576,0.0879165581488642,0.04302378930126794,76.63737916946411,3
-0.016286902089354634,0.0884882821169772,0.043116559410788916,76.73771643638611,3
-0.01473852551694499,0.08916206309233875,0.043318366064271696,76.83801651000977,3
-0.012930597912004897,0.08807345189953421,0.043556598317133016,76.93830037117004,3
0.032238207363829686,0.07928701131894365,0.05366791870396446,77.03857278823853,3
-0.011297817987718619,0.08766657684799076,0.04575648866886525,77.13881325721741,3
-0.01134959687737945,0.08787906614188927,0.04722033537113649,77.23908376693726,3
-0.011249718114746489,0.08615894422875589,0.04857632797497627,77.33934140205383,3
-0.011665476160059288,0.08618800473444121,0.05046397219081847,77.43964529037476,3
-0.011626915220036595,0.08543013141292298,0.05224902540616076,77.53997254371643,3
-0.011057954275186455,0.08410053815135328,0.053919433906181355,77.64016318321228,3
-0.010706124264089524,0.08298176371248876,0.0558349235274984,77.7404465675354,3
-0.010641442437720918,0.08180053000878183,0.05809441393273876,77.84068393707275,3
-0.010477816456162477,0.07898323777462955,0.05998462218989004,77.9409658908844,3
-0.011031380197895221,0.07806665455971537,0.06255482315467575,78.04126405715942,3
-0.011154589418167994,0.0752463326351938,0.06450321236405722,78.1416974067688,3
-0.011451754373214381,0.07421668280086284,0.06660090207303442,78.24200940132141,3
-0.011413613171748101,0.0729346758421149,0.06835450706040196,78.34232950210571,3
-0.011037340305221731,0.07117473560519877,0.06993561003085078,78.44267129898071,3
-0.010435947932063067,0.06933663510792774,0.07127453267135411,78.54297542572021,3
-0.009692185338873508,0.06752128331160158,0.072439062086298,78.6432843208313,3
-0.009260103220156937,0.06787243052267057,0.07366673731395042,78.74357175827026,3
-0.008683517480137943,0.06650936738509344,0.0746617282325763,78.84385967254639,3
-0.008454472649651403,0.06547122261853021,0.07574514666520356,78.94408941268921,3
-0.008153896451026172,0.06314847586847626,0.07669012405665739,79.04431104660034,3
-0.00815790424616165,0.06266876250283338,0.07769719059070766,79.14461040496826,3
-0.008129664452353547,0.0621016182971007,0.07858744807242327,79.24497437477112,3
-0.007784675535371731,0.059804089629589406,0.0792270393714146,79.34523868560791,3
-0.007253349325309279,0.060383425762186485,0.0798529894435485,79.44552850723267,3
-0.00672353159889091,0.05954803400067782,0.08029550226963862,79.54581117630005,3
-0.006088885510476989,0.05845709623374075,0.08071932105942205,79.64612197875977,3
-0.005501250902885661,0.057718429651931295,0.08110414826265451,79.74641633033752,3
-0.004916175920879592,0.05848730792421581,0.08145906972949218,79.84672999382019,3
-0.004414502742730555,0.05781968037210413,0.08175339138004556,79.94702577590942,3
-0.0037058342284010805,0.05726212039960451,0.08190507978109259,80.04734778404236,3
-0.0025297818152518947,0.05771618103424528,0.08181925929765645,80.14764189720154,3
-0.0008132358460444297,0.057992027636797255,0.08149581976231281,80.24798583984375,3
0.0016203951901367242,0.05927076030477758,0.08084386804115776,80.34823870658875,3
0.0042959616468617005,0.06032399500868115,0.08001443406657512,80.44854497909546,3
0.0067604898040924425,0.06015699705724648,0.07926551142569019,80.54888796806335,3
0.009434836152498762,0.06139051632457791,0.07830417075466925,80.64920139312744,3
0.012162600485359202,0.06261024740551466,0.07723008832645327,80.74961829185486,3
0.014997518379661012,0.06363442140218802,0.07603417560940885,80.84991002082825,3
0.017573093323811306,0.06365084584077446,0.07494287592075946,80.95019030570984,3
0.020667314602886847,0.06469881949737742,0.07348688336027377,81.05047106742859,3
0.023901568815594458,0.06554656605215621,0.07192318578562525,81.15069818496704,3
0.027240664635715853,0.06615850507743569,0.07026683605032652,81.25088763237,3
0.030036200569641375,0.06564302533207812,0.06885519441070766,81.35114789009094,3
0.03302335102363609,0.0662166923131067,0.06722091739214635,81.45145034790039,3
0.03576459784157061,0.06687559006256621,0.06564821231563582,81.55179238319397,3
0.037868541939068086,0.06664372773799684,0.0643781824238121,81.6521544456482,3
0.04011107465847342,0.06652440753794102,0.06298647698771978,81.75233507156372,3
0.04277128647215376,0.06608748984525921,0.06134703029259306,81.85263800621033,3
0.04665167670651224,0.06622121373466684,0.0590057865660325,81.95294451713562,3
0.050369132615722484,0.06490691748520376,0.056623636114204776,82.053227186203,3
0.05498651065940132,0.06438397227178182,0.05363535041228591,82.15349340438843,3
0.05894486541142391,0.06268215675335968,0.05071854686370262,82.25383448600769,3
0.06285202202705752,0.06096775360570452,0.04754511029839081,82.35412836074829,3
0.06676413908379984,0.05926078608997539,0.044083451405798495,82.4544324874878,3
0.0707033729475367,0.057557366167773266,0.0402661359983962,82.55473732948303,3
0.07463171773294625,0.05544360211267708,0.0360255132877966,82.65503406524658,3
0.07846516490778352,0.05323765999578339,0.03139536732366957,82.75537776947021,3
0.08209520310698032,0.05073677327508767,0.026354614115686095,82.8556694984436,3
0.0854768419825261,0.04828357990527259,0.021033296321457763,82.95596170425415,3
0.08761978467320235,0.04447985409844474,0.015672423431145905,83.05613875389099,3
0.09026833113464496,0.041510421765935814,0.009722075946164399,83.15642023086548,3
0.09261166320472573,0.039241294746965416,0.0038391484403221673,83.25672626495361,3
0.09345052210571639,0.035617240452751116,-0.0017710419876698542,83.35700988769531,3
0.09380537042252189,0.03189165753753192,-0.007675884042861612,83.457279920578,3
0.09493755766922628,0.029481575238215915,-0.013853862006870584,83.55785202980042,3
0.09456360752642642,0.026097152735565607,-0.019406281423643996,83.65814733505249,3
0.09376557123111769,0.02278414633642782,-0.024642209771152942,83.75841951370239,3
0.09375784225337104,0.020416620749656614,-0.02986006500682272,83.858726978302,3
0.09245202676965722,0.017471437533479565,-0.03426628920336848,83.9590163230896,3
0.09104364795394398,0.01487393030109651,-0.03827222894958446,84.05929851531982,3
0.0894989596025708,0.012577299198037288,-0.04190481751631997,84.15959572792053,3
0.08806836986570735,0.01084025827330953,-0.045136351955086654,84.25996494293213,3
0.08663887344950434,0.009363749704891629,-0.04801414800768816,84.36021089553833,3
0.08524181161626526,0.008159003955379013,-0.0505825348411127,84.46052646636963,3
0.038153318463678185,-0.009335357996809754,-0.09162559287011578,84.56079816818237,3
0.036030545845117785,-0.01057309837828524,-0.09236525941055831,84.66111612319946,3
0.08170116156177006,0.005588297442797115,-0.05646540098799185,84.76137399673462,3
0.08138068258113268,0.005083349112228326,-0.05748977860747161,84.86169457435608,3
0.08129482634775904,0.004527407556846043,-0.05811049027336039,84.96197366714478,3
0.08121061618259119,0.004187904094927649,-0.05879823766008552,85.06216478347778,3
0.03130283090879929,-0.015137278149558406,-0.09345126952216587,85.16234636306763,3
0.07925727152172878,0.0030677573935937374,-0.06004355600209624,85.26252508163452,3
0.07913313135723121,0.002856438243271875,-0.0604848007519133,85.36278128623962,3
0.07907925725618366,0.0024459903167078382,-0.060760034854251695,85.46308422088623,3
0.0789007388689935,0.001790481296537711,-0.060923807278743546,85.56340193748474,3
0.07870594779881113,0.0012924555846922153,-0.06098581623368412,85.66373109817505,3
0.02926008201771837,-0.019915476484579194,-0.09325844080472082,85.76409912109375,3
0.07954979084217285,0.0009695568090591121,-0.06158245813194308,85.86444163322449,3
0.07959978169735053,0.0005268726914853085,-0.06136218412602267,85.96476364135742,3
0.08000860798584415,0.00013716325183732014,-0.06095286150967253,86.0650372505188,3
0.08044556217385249,-0.00026783845612834544,-0.060558090809598786,86.16536355018616,3
0.030349925582757842,-0.023653450672463952,-0.09201602805203557,86.26570987701416,3
0.07981589309078738,-0.0014191203267581477,-0.05926985230923251,86.36602640151978,3
0.08067576219188634,-0.0015038148475406228,-0.05865080047339111,86.46634459495544,3
0.08211771640490274,-0.0015232658304603283,-0.05775555687060324,86.56665825843811,3
0.08315076518886162,-0.0020584166786398704,-0.056886106535726684,86.66694283485413,3
0.08255718226217634,-0.002956548224485935,-0.05556263700547709,86.7672770023346,3
0.08365279285899292,-0.00323050057339787,-0.05459928948711041,86.86760067939758,3
0.08433451231114618,-0.0037813415144129234,-0.05363261017712906,86.96792602539062,3
0.08507452459163752,-0.004270025517022938,-0.05263334199239746,87.06803846359253,3
0.0858244751673614,-0.004581540834162872,-0.05168682231370765,87.16834282875061,3
0.08642306672479325,-0.004884056432430954,-0.05081509227542569,87.26864194869995,3
0.08720743256406521,-0.005146178419172226,-0.04987429470520175,87.36892104148865,3
0.08812937180530996,-0.005255949602178414,-0.048863279566195045,87.46919107437134,3
0.04081324788506918,-0.03249143732933179,-0.0848401494396619,87.56949305534363,3
0.08817399236046265,-0.0057694068784555795,-0.046175902056022386,87.6698272228241,3
0.0897470465067333,-0.005595964490995675,-0.044465531812928984,87.77022981643677,3
0.08960009585817008,-0.005864815214132257,-0.04203171623597089,87.87053918838501,3
0.0915989949902293,-0.00555306118415464,-0.04015796740223778,87.97083711624146,3
0.09330160604919314,-0.005173289975840423,-0.038277778500470296,88.07114815711975,3
0.09237829793838452,-0.005180666612178287,-0.03628577126511468,88.17142462730408,3
0.0933584924821758,-0.00476260804786622,-0.034499313237082434,88.27175188064575,3
0.09427301520871845,-0.00429366368637924,-0.032690273479576336,88.37215423583984,3
0.09482877661367603,-0.004169504678815886,-0.03064297668456685,88.47242665290833,3
0.09559090558162257,-0.0039565751380417616,-0.028397760165270496,88.57274007797241,3
0.09611872382067574,-0.004131094191118116,-0.025878319258262027,88.67298984527588,3
0.09627133962567791,-0.004503556546380297,-0.02346090303268635,88.77328062057495,3
0.0965858120193258,-0.004381398800200711,-0.021063143069420837,88.87350273132324,3
0.09752191951143617,-0.004009553868864884,-0.019008330891797036,88.97394967079163,3
0.09787103651780214,-0.0034180066331707393,-0.01721446999360012,89.0742564201355,3
0.09850469702445465,-0.002940013021023813,-0.01552308799439915,89.17456936836243,3
0.09900942461759864,-0.0021968559874357245,-0.014010547096157011,89.27485942840576,3
0.09923396623242667,-0.0015162500619370217,-0.012430550196733144,89.37517976760864,3
0.09908081052873302,-0.0008227008243552186,-0.010568256869540767,89.47545886039734,3
0.09861571409237462,0.0001850909054395694,-0.008805988379470678,89.57575416564941,3
0.1008073211919794,0.0011448084349067918,-0.006732596304044878,89.67608523368835,3
0.09987911876757904,0.0018608611484477715,-0.004347300609082951,89.77633023262024,3
0.09852834190631965,0.002411663843413934,-0.0019036232779984666,89.87654829025269,3
0.10022194576231713,0.003000119025687191,0.000528588217837724,89.97672867774963,3
0.09881374488699593,0.0028698670650006385,0.003261155414106544,90.07706212997437,3
0.10100877352523001,0.0022286648120069703,0.005735562895997017,90.17733907699585,3
0.10023804744399467,0.001012425992472912,0.00829469566504062,90.27763295173645,3
0.09885315124224454,-0.0003118591901967935,0.011279709684434865,90.3779468536377,3
0.09785467314230631,-0.0011687477446451332,0.014293663125235077,90.47835302352905,3
0.09920620791386636,-0.0025293861236069214,0.017015810668797954,90.57868385314941,3
0.09772153068504148,-0.003328261443093025,0.019221983390246992,90.67899656295776,3
0.09641954640540859,-0.004164390053813978,0.02111439120292962,90.77933359146118,3
0.09834578699969919,-0.005223869880629407,0.02271126898071778,90.87961292266846,3
0.09728993138935396,-0.006264540148863965,0.023908125316293247,90.97997665405273,3
0.09638485930178792,-0.0073192425022148,0.02480183726271508,91.08024096488953,3
0.09562366427518805,-0.008698852589207304,0.025322702367422983,91.1805157661438,3
0.0948647858612735,-0.01022323402330684,0.02547609025374158,91.28086113929749,3
0.0968991381189393,-0.012081088052234852,0.02572711915726062,91.38145732879639,3
0.09635104841261267,-0.013547998964832646,0.02570503184626189,91.48175740242004,3
0.09597370956871945,-0.015068316817194422,0.025455643111459515,91.58208417892456,3
0.09531564137822238,-0.016930267317127424,0.02508667141360365,91.68238425254822,3
0.09491812978113574,-0.01840494542203884,0.024867209336380345,91.78266525268555,3
0.09427952539085559,-0.0198187406820908,0.024508164986007705,91.88294911384583,3
0.09354025343197336,-0.02141784083686966,0.024257454446743293,91.98325896263123,3
0.09562118843430775,-0.02345444069341723,0.024135547091215254,92.08357834815979,3
0.09459538520330295,-0.024636812095975347,0.02396790776766565,92.18391156196594,3
0.09328111668343927,-0.025472158993653796,0.023901480390894812,92.28408145904541,3
0.0919874107200256,-0.026568658792402187,0.0239669156438048,92.38436985015869,3
0.09350053820933982,-0.028482958901064982,0.023906008398237453,92.48470830917358,3
0.09239727515792687,-0.029967972778113666,0.023664630972731436,92.58498930931091,3
0.09160888669605537,-0.031469389242784265,0.023128477458308743,92.68532657623291,3
0.0908705201177956,-0.03342324576651691,0.022326772132357845,92.78561496734619,3
0.09055074622441198,-0.035633155723063206,0.021199429956912003,92.88578081130981,3
0.09037025868037296,-0.03794297515133399,0.020051299679499326,92.98609042167664,3
0.09018691021208426,-0.040520167909911795,0.018687049780080477,93.08640217781067,3
0.09001000329605649,-0.04282293270577697,0.017452880649004663,93.18670558929443,3
0.08723140570446766,-0.043978702652567585,0.016434671029083064,93.28698539733887,3
0.08632870058830346,-0.04641706128893751,0.01531611128066201,93.38729929924011,3
0.08571968696401269,-0.048159345961902314,0.014468534507568643,93.48760485649109,3
0.08514584244304887,-0.0495089135848662,0.013713189703550272,93.58794784545898,3
0.0843330490228754,-0.050745160774486237,0.013314974766115048,93.6882631778717,3
0.08346735242227256,-0.05154076992685311,0.01316917557029509,93.78860354423523,3
0.08468880188266649,-0.053940962527317136,0.013218771045304572,93.88896608352661,3
0.08364993245839199,-0.054606405442543124,0.013264085545603831,93.98936176300049,3
0.08209924164542401,-0.05535575549594737,0.013302786480362355,94.08972549438477,3
0.08093672865750866,-0.05616127874517343,0.013683815897277896,94.19044899940491,3
0.08162388246281777,-0.05798323143102099,0.01393910714067475,94.29075479507446,3
0.08007783371742185,-0.058353368297428154,0.014521816826789689,94.39105749130249,3
0.07826628541640337,-0.05921575750385782,0.014969731302693462,94.49135375022888,3
0.07844718617370314,-0.06119514486167361,0.015579179093039382,94.59163665771484,3
0.07627170292901185,-0.061658293881637405,0.016413285170962633,94.69193410873413,3
0.07617463130001953,-0.06349684205850957,0.01717679566457134,94.7921884059906,3
0.07393818981889433,-0.06387388837466407,0.017923694125440735,94.89248609542847,3
0.07378313482175373,-0.06589026646078663,0.01850756328244798,94.99277830123901,3
0.07170265308642583,-0.06641247106961434,0.018927670943424714,95.09305715560913,3
0.07168453435449287,-0.06853055666516551,0.019178390625919056,95.19336080551147,3
0.06964216937180705,-0.06907081668717008,0.01937169874541491,95.29387712478638,3
0.06818570657132134,-0.0695804035300014,0.01980789322768392,95.39421367645264,3
0.06826718823224852,-0.07166252754512992,0.019629079422005005,95.49449610710144,3
0.06652852586925535,-0.07246202207381462,0.019570423260385328,95.59479141235352,3
0.06533763250542306,-0.07297201659049488,0.01948748951625697,95.69511890411377,3
0.0642397108021776,-0.0735250548437164,0.019170073382652555,95.79541802406311,3
0.06329967524187274,-0.074514304714817,0.01837624388154776,95.8957576751709,3
0.06306773348578446,-0.07588126825339113,0.017486846560128635,95.99608278274536,3
0.061706118921784264,-0.0756718925122572,0.016361187970528882,96.09640741348267,3
0.0623675595977559,-0.07741688750825276,0.01468813271565947,96.19676375389099,3
0.06158019257598851,-0.0776748926939655,0.01279578272458933,96.29711627960205,3
0.060961584118329706,-0.07780833135997481,0.011003459629571083,96.3974404335022,3
0.06151407203454057,-0.07910618741572097,0.009055231863706407,96.49774432182312,3
0.06009180085543546,-0.07852831976630237,0.007373667343466012,96.5980019569397,3
0.06032560479130178,-0.07926052911116063,0.005758383605459535,96.6984281539917,3
0.06057999734055804,-0.08009655593598397,0.004114647901212913,96.79878187179565,3
0.058907513728348807,-0.07950919354380921,0.002548453041527103,96.89904689788818,3
0.059011317225988125,-0.0804017923205693,0.0009672232745376645,96.99933934211731,3
0.05884559531143822,-0.08105821409795162,-0.0006882022988357209,97.09963941574097,3
0.05865838717919429,-0.08180481873135573,-0.002250290233192836,97.19994974136353,3
0.05838305348121545,-0.08243743978000952,-0.003932823876663864,97.30019927024841,3
0.05655916227098466,-0.08098009091937881,-0.005127520124617057,97.40047192573547,3
0.05750724172578295,-0.08291938811993267,-0.006795498261231497,97.50083541870117,3
0.056669859644237486,-0.08276981391936752,-0.008223217542822382,97.60112190246582,3
0.056020306469805936,-0.08279332502999369,-0.009479916867118049,97.70143461227417,3
0.05510227866551712,-0.08264966894016154,-0.01076057730317113,97.80173873901367,3
0.05411180090436035,-0.08246029806616754,-0.011713191847762164,97.90207147598267,3
0.05388035485451289,-0.08366017301778796,-0.01290920526646285,98.00234127044678,3
0.05252125741855521,-0.08283875096680651,-0.013460272557717371,98.10270166397095,3
0.05245264537772475,-0.08408077085223482,-0.013986305045488513,98.20298886299133,3
0.051614553503404124,-0.08518120385216721,-0.01444379265539655,98.30327653884888,3
0.051116187803201735,-0.08601185893153543,-0.014319779454415883,98.40362524986267,3
0.05020773108102783,-0.08656871782894868,-0.01413850526460398,98.50396633148193,3
0.048427794070335484,-0.08523334536533979,-0.013747638266056014,98.60422420501709,3
0.048233213112811826,-0.0860021140759924,-0.01355306726540093,98.70482206344604,3
0.04835563737231393,-0.08747031253946914,-0.0135383611957601,98.80505800247192,3
0.047463282075308366,-0.08693063852834301,-0.01354738933399651,98.90536236763,3
0.04669408934808121,-0.08619231890728875,-0.013284677202561613,99.0055787563324,3
0.04673855223741987,-0.08743702590892291,-0.013284805402109228,99.10584855079651,3
0.046868565517286395,-0.08841845762791815,-0.013211602873391879,99.20609402656555,3
0.04566013378157031,-0.08750371459637037,-0.012941662313572662,99.3063895702362,3
0.045561693922225754,-0.08856282039673205,-0.013030595259892258,99.40668511390686,3
0.04477842181373792,-0.08736324868860915,-0.012772251029095448,99.50697612762451,3
0.04442279685950387,-0.08870255087732154,-0.01305326785566095,99.60729026794434,3
0.04358062028398748,-0.08791395794256313,-0.012775091870562293,99.70752549171448,3
0.043382518355652974,-0.089200205014675,-0.01269179738261917,99.80790686607361,3
0.042993346090145365,-0.09032106932879982,-0.01255135591022709,99.9080331325531,3
0.04203716064150948,-0.08878771497320703,-0.01222147254224902,100.00826120376587,3
0.04171601263441722,-0.09008488372602604,-0.012081550894426673,100.1085832118988,3
0.041166220873301254,-0.09116852277227315,-0.011949532801595253,100.20880556106567,3
0.04047520399168677,-0.0916954414522136,-0.011500759907416587,100.30905556678772,3
0.039553527398916,-0.0924798132242741,-0.01073990728680774,100.409583568573,3
0.06487666161378337,-0.07417033939177264,0.013283225027577616,100.50986814498901,3
0.036969170707812846,-0.09198544612757861,-0.00938398894873949,100.61033773422241,3
0.036023997413942535,-0.09358584795122012,-0.009199893547284756,100.71062016487122,3
0.03439490103561211,-0.09295518853304181,-0.009097311427008965,100.81090593338013,3
0.032824825438199,-0.09453036031802035,-0.008527130541091818,100.91121673583984,3
0.031081537167423547,-0.0958547504342356,-0.007624380714113088,101.01150393486023,3
0.029181566639854425,-0.0945354145128412,-0.00646929303616578,101.11179685592651,3
0.027716446915826674,-0.09564927112720566,-0.005542246712904299,101.21206259727478,3
0.026343108596662224,-0.09642288580214774,-0.004543309685908759,101.3122205734253,3
0.025091060653985277,-0.09753705637728902,-0.003818296873951129,101.41256904602051,3
0.023632602785800712,-0.09815179719629805,-0.002966400999657401,101.51291489601135,3
0.02218165931724158,-0.09830864034233017,-0.0018289408749380188,101.61319541931152,3
0.020641035778557356,-0.09827973892954993,-0.0004604746016907326,101.71347856521606,3
0.019186762238030675,-0.09824403689042385,0.0009598884032828503,101.81378984451294,3
0.01796748747606567,-0.09808299348770483,0.0022894356652596215,101.9142234325409,3
0.016652842198609297,-0.09872206032960773,0.003327797632335267,102.01450896263123,3
0.015695666315910496,-0.099192501323408,0.004483162463600464,102.11481046676636,3
0.01440585959009008,-0.0997763722048204,0.005551545973670888,102.21512174606323,3
0.013941263663626795,-0.09798653719680393,0.006674454557290733,102.31542921066284,3
0.012866383011470636,-0.09830692135244076,0.007828895985307487,102.41576766967773,3
0.01193542802391201,-0.09839831110309186,0.00889844420146116,102.51610255241394,3
0.010927226064227576,-0.09869082540043503,0.009889677092025883,102.61640954017639,3
0.009913435686675295,-0.09858285406130997,0.010735963826442627,102.716961145401,3
0.00898830864366443,-0.09899235846732704,0.01165168427073006,102.81725788116455,3
0.007837430340810215,-0.09915084662255602,0.012285107261596843,102.91755056381226,3
0.006410244463051827,-0.09911528069260878,0.012911430478260062,103.01776075363159,3
0.004835614873931667,-0.09903534925638088,0.013627693643229001,103.11812472343445,3
0.003009317596125197,-0.09885421961718541,0.01419791061835166,103.21845960617065,3
0.0017299656552511283,-0.09907850990229596,0.014553191337526122,103.31871628761292,3
0.0004436817573043316,-0.09981439152263723,0.014510855057777088,103.41901016235352,3
-7.317495690637994e-05,-0.09827169645191869,0.01400017462385999,103.51932287216187,3
-0.0013465193683013883,-0.0985341067923098,0.014113750476079403,103.61968278884888,3
-0.0031077696193229916,-0.09849407232531068,0.014385776054718087,103.72001433372498,3
-0.005040211946003141,-0.09827838433627352,0.014903380201733173,103.82031917572021,3
-0.007056019039507372,-0.09804566439584786,0.015710333553779203,103.92061257362366,3
-0.009149901545845792,-0.0974468718242131,0.01644317874019869,104.02111172676086,3
-0.011171271885036704,-0.09703326002635317,0.017119073051744902,104.12134432792664,3
-0.01353613518603062,-0.09683726157205387,0.0178857752454345,104.22169470787048,3
-0.015846010550542328,-0.09582460436041333,0.018812809526992037,104.32198572158813,3
-0.019563866739536445,-0.09692872793075585,0.020267813712369978,104.42227673530579,3
-0.021659211606545135,-0.09600395023981714,0.02135044225459862,104.52280855178833,3
-0.02349926225631208,-0.09492920010115476,0.022471699151078835,104.6231324672699,3
-0.025351088011628397,-0.09369352394995785,0.02365493267142419,104.72340846061707,3
-0.027162694627599307,-0.09263572526464321,0.0249440832418839,104.82374024391174,3
-0.028805171924619264,-0.09104183563295334,0.025992033372009848,104.92398071289062,3
-0.030623275699848504,-0.090209831578326,0.02712689142759537,105.02422618865967,3
-0.03382715268366432,-0.09059810115494876,0.02882810275167433,105.12456035614014,3
-0.035816124359275205,-0.08934325856846384,0.03002722252451366,105.2248682975769,3
-0.03802425185381073,-0.08796636917511898,0.031141666629009367,105.32521224021912,3
-0.04001102875009663,-0.08635358897760663,0.03200286340112266,105.42546224594116,3
-0.042383821256647414,-0.08495952220769674,0.03269236639545325,105.52573251724243,3
-0.04449021452763591,-0.08372940116153972,0.03329458352503378,105.62604641914368,3
-0.04653263050428236,-0.08229030473851004,0.03365298014917485,105.72635102272034,3
-0.04890420960976343,-0.08066971780415352,0.0340073253850213,105.82669687271118,3
-0.05125230606721241,-0.07914339585355147,0.03465016635860038,105.92704606056213,3
-0.053353072511324484,-0.07770806440659339,0.03534107373928039,106.02730965614319,3
-0.05565129111175473,-0.07615727577112817,0.035789703389184295,106.12758588790894,3
-0.0577458800497632,-0.07438697757202417,0.0361143001004909,106.22798228263855,3
-0.05813224695050785,-0.07171723783243232,0.035782401498108775,106.32815885543823,3
-0.059959677994120164,-0.07025014155514182,0.03581914650357325,106.4283356666565,3
-0.06297940903233405,-0.06976718731704303,0.036391450314170945,106.52847027778625,3
-0.06278069968656601,-0.06743543214551216,0.03604260315959257,106.62861919403076,3
-0.06918160502750793,-0.06874442410288398,-0.024683726771178336,106.72878050804138,3
-0.06678791354531594,-0.06604179729543841,0.03647942751004512,106.82897543907166,3
-0.06733244694108638,-0.06450260013398426,0.03692057683920513,106.92910957336426,3
-0.06764335237021218,-0.0630887946621468,0.03748843917828112,107.02927565574646,3
-0.06823821832850234,-0.061801749457444675,0.03789026248307054,107.1294469833374,3
-0.06909623853456723,-0.06011944696615016,0.038199579221678055,107.22961258888245,3
-0.07039523159732139,-0.05780781940684959,0.038868354907836015,107.32977199554443,3
-0.07219509706371907,-0.05464859423611275,0.04011041005877171,107.42994546890259,3
-0.07447998617631287,-0.05076271678620393,0.041601389549101905,107.530113697052,3
-0.0767363203366279,-0.046530020405713975,0.04310413315569368,107.63028264045715,3
-0.078707736082259,-0.0426136419036927,0.044788686293302286,107.7305805683136,3
-0.08043302791388444,-0.03876343224627582,0.046518248878896155,107.83088874816895,3
-0.08004497867098619,-0.03449111389061288,0.047825834782659615,107.93118166923523,3
-0.08109630368212112,-0.03124264693828189,0.049536665022308086,108.03147029876709,3
-0.08170525815841298,-0.02826444191931456,0.050968639157140214,108.13176703453064,3
-0.0807515781498582,-0.025090752411678973,0.052151494851864766,108.23213052749634,3
-0.0815038140587805,-0.022729413390057317,0.05362442522596593,108.3324065208435,3
-0.08057492032325803,-0.019934774888753486,0.05496404542828596,108.43265700340271,3
-0.09186876324875679,-0.04083765875674567,0.0074302323534276085,108.53291654586792,3
-0.0805839502510812,-0.015137237778247083,0.05790412102501454,108.63321876525879,3
-0.07941431377989419,-0.012284162327634738,0.05943398937223899,108.73380088806152,3
-0.0781766488624909,-0.009975714219552408,0.061038838929049544,108.83410263061523,3
-0.07701316620372892,-0.007812365720107706,0.062314736273287104,108.93440651893616,3
-0.07622674074138387,-0.005800263423170101,0.06351828764237981,109.0346302986145,3
-0.07567739538949768,-0.0038446851271642345,0.06457981459085242,109.13495802879333,3
-0.07515985943493299,-0.002090442599040194,0.06550811722298915,109.23526859283447,3
-0.07451997755887937,-0.0006706198264181222,0.06646194480920078,109.33562278747559,3
-0.07384014346731123,0.000429673697011506,0.06737090114666008,109.435964345932,3
-0.07314450244675472,0.001305320100157761,0.06819346661476108,109.536217212677,3
-0.07239281158634184,0.0019566103918667675,0.06890893193507723,109.63651776313782,3
-0.07146079606344119,0.0023564559356381454,0.06955660985163001,109.73681402206421,3
-0.07173400677757491,0.0023692371229226475,0.07008668201414646,109.83713102340698,3
-0.07083159092606742,0.0025602786217773007,0.07045009352648873,109.93741011619568,3
-0.07096425678265017,0.002511418050944781,0.07066850428461889,110.03758478164673,3
-0.08878394194056778,-0.023970488982791353,0.040700916794353524,110.13785600662231,3
-0.07097170304245043,0.002182918407301379,0.07060686291789621,110.23811340332031,3
-0.07061812685922758,0.0019852766871034586,0.07043892247927662,110.3383538722992,3
-0.07139212763131667,0.001892180218546988,0.06992927325023152,110.43867492675781,3
-0.07214307409189755,0.00176400084153688,0.06918384069471843,110.53890872001648,3
-0.07294937085566719,0.0017590778270048235,0.06825244711603784,110.63917350769043,3
-0.07399247644268254,0.0019002854121175344,0.06701231047785525,110.73948359489441,3
-0.07504386498481369,0.0020293684831527905,0.06558811610444001,110.83978152275085,3
-0.07735201334218329,0.002504808695764176,0.06369556894600231,110.94001960754395,3
-0.07836049540017863,0.002976002318643518,0.06192937045249795,111.04019403457642,3
-0.07941478457750337,0.0038158665812105894,0.06000495588955347,111.1404390335083,3
-0.08188360407446553,0.005417025351602118,0.05761515704102944,111.24073266983032,3
-0.0829725472331862,0.006950597344613457,0.055405306773231966,111.34106826782227,3
-0.08383578146299091,0.008709783503773705,0.0530360698894004,111.44127655029297,3
-0.08615616807328237,0.011225258145556444,0.050113184777187396,111.5416853427887,3
-0.08700272924005656,0.013345657575867463,0.04739149149124717,111.64189267158508,3
-0.08780644496745654,0.01564729774286413,0.04444176183434702,111.7421817779541,3
-0.09000823130264936,0.018799557610900408,0.040530563183862625,111.84250926971436,3
-0.09055951962314322,0.021361644720233317,0.03701410519645608,111.94276237487793,3
-0.09111389271121773,0.024025677274606257,0.03306016009557986,112.04306173324585,3
-0.09153140905664937,0.02681305571324523,0.028909703880780357,112.14337515830994,3
-0.09182475415268973,0.029771823276404347,0.024297968813592787,112.24369168281555,3
-0.09193829032154795,0.03278088156381478,0.019559158233760233,112.34406733512878,3
-0.0918619108387049,0.035961056865075,0.014556221733013044,112.44435358047485,3
-0.09169237049369416,0.03942251593568661,0.00925242660285376,112.54468822479248,3
-0.09102132424223315,0.043058126115202926,0.0036538314495673826,112.64520192146301,3
-0.08888496889938882,0.04570431230337035,-0.0006718281626583789,112.7455382347107,3
-0.0868877125652118,0.04837653409577014,-0.004572493537851603,112.8457863330841,3
-0.0846809761776941,0.05104119071226719,-0.008289794892505777,112.94608807563782,3
-0.08374408269375444,0.05491498180948589,-0.012741335976470867,113.04635381698608,3
-0.08105739384420863,0.056993369710250055,-0.01630126843674031,113.14660716056824,3
-0.07779272943939404,0.05859536432809245,-0.019773904497264867,113.24692845344543,3
-0.07573285278582084,0.06104174094776037,-0.024130862175260778,113.34725379943848,3
-0.07336829286130137,0.06315803681537555,-0.028831596106662593,113.44756269454956,3
-0.06883835665563338,0.06316718184849766,-0.03263535293637406,113.54786109924316,3
-0.06569603284980868,0.06434543497296032,-0.03740223782541864,113.64809942245483,3
-0.062327013991325154,0.06534151726379804,-0.04263361336874358,113.74836945533752,3
-0.05888538872185737,0.06586105860194963,-0.04764319057587153,113.84867858886719,3
-0.05544278135627572,0.06604062861376647,-0.05247522676987187,113.94892120361328,3
-0.05043621672513153,0.0642817628578145,-0.05594496582988087,114.0492103099823,3
-0.04732255550589937,0.06382869614123952,-0.06016703603575235,114.14949774742126,3
-0.04397561245161205,0.06373125395004374,-0.06381978999569289,114.24979138374329,3
-0.04087239184252243,0.06363556337724843,-0.06707627983432171,114.35008430480957,3
-0.03700502724200081,0.0620576287804292,-0.06913060256065094,114.45043659210205,3
-0.03330366732973913,0.060776332093290183,-0.07088798936437583,114.55063796043396,3
-0.030777559378251558,0.06159981818743607,-0.07319367575883405,114.65090131759644,3
-0.02774931036934637,0.06094846161653811,-0.0744194127956089,114.75114965438843,3
-0.025134234326592585,0.06104202448123611,-0.07537338349581628,114.85144829750061,3
-0.022896167332018335,0.06137327991474473,-0.0761704110741829,114.95176768302917,3
-0.020380154849616458,0.06034341471323311,-0.07611702297713883,115.05207586288452,3
-0.018715757833915686,0.06131474036988417,-0.0765817069992571,115.15237975120544,3
-0.017464992680372538,0.06255496857324491,-0.07694734386913717,115.25277638435364,3
-0.015531691917257904,0.06221750924490467,-0.07655609680320395,115.35306119918823,3
-0.014148717073190228,0.0635514749889891,-0.07656659709788437,115.45354461669922,3
-0.012515531352623585,0.06331413148865345,-0.0758906352407351,115.55383586883545,3
-0.011428060654535737,0.06492155767116203,-0.07576639761734882,115.6543025970459,3
-0.009735173672558382,0.06459349182289997,-0.07494202062555594,115.75459051132202,3
-0.00899159988415728,0.06643694306708467,-0.0746481954264094,115.85489106178284,3
-0.007610566973667478,0.06659023071147817,-0.07365659768683538,115.95519161224365,3
-0.006989766866140244,0.06849210277550548,-0.0731624902052069,116.05540466308594,3
-0.005646257790388142,0.06850096402692926,-0.07204815106748849,116.15568685531616,3
-0.005001212396751169,0.07016682131324732,-0.07140149811438071,116.25607442855835,3
-0.003752709685905843,0.06993900387481122,-0.07016497671352803,116.35639762878418,3
-0.0029415859107349094,0.0718359754629386,-0.06920769502438427,116.45670652389526,3
-0.0019563353190515235,0.07347020633554045,-0.06800147157360756,116.55735087394714,3
-0.000812691894246777,0.07358789459643207,-0.06639761009307146,116.65763545036316,3
0.00021023161232925302,0.0751347147874036,-0.06483711660599038,116.75798058509827,3
0.0011824580874638866,0.07709105580928999,-0.06324136553475278,116.85828638076782,3
0.0021375499715401212,0.07889220633323361,-0.06150084676655786,116.9585952758789,3
0.0032008075459286738,0.08065900711904901,-0.0596375121775712,117.0588583946228,3
0.0044079282616541005,0.082461783055479,-0.057735894306363215,117.15914726257324,3
0.005579487389710621,0.08191628805709597,-0.05545704883998495,117.2594358921051,3
0.006428026419333285,0.08548191021822016,-0.05324844485110579,117.35974884033203,3
0.007620389782085993,0.08679120755529222,-0.050848193430702765,117.46008491516113,3
0.008954341839436311,0.08787404664435328,-0.048386682631851044,117.5603723526001,3
0.010380906285321467,0.0887126177251934,-0.04587376749706318,117.66067552566528,3
0.012005527305566787,0.08928295289861124,-0.04317148028478,117.7609794139862,3
0.013875616296697967,0.08962709300870306,-0.040422525813648934,117.86128282546997,3
0.016110620490885116,0.09173111311291196,-0.037481293646618195,117.96163749694824,3
0.018189125795043146,0.09198528869773485,-0.034740270623491755,118.06192779541016,3
0.02035249682695353,0.09189477407872787,-0.032015037889490776,118.1622166633606,3
0.022598645601985788,0.09179514572347271,-0.029389717041973417,118.26252579689026,3
0.02485933810622855,0.09420974445415688,-0.026188254634218613,118.36274290084839,3
0.02657738557370823,0.09441023850932842,-0.023255136738368192,118.46339726448059,3
0.027869531349496247,0.09272905027067402,-0.020683472500672474,118.56369805335999,3
0.029462214484475946,0.09311281651325673,-0.017534653430677685,118.66402864456177,3
0.031010535513086194,0.09343728480582385,-0.014365501113192678,118.76428484916687,3
0.03250215919230747,0.09402904181323189,-0.011307268776038564,118.86454224586487,3
0.03390042696913405,0.0943184540442044,-0.008153354261540997,118.96486163139343,3
0.03452965823639465,0.09254598579205014,-0.005466501598342688,119.06516861915588,3
0.035781388515844975,0.0930929254548742,-0.0021272683999576003,119.16550827026367,3
0.037059517586568384,0.09251080013109109,0.0016065488965582952,119.26581764221191,3
0.038264987373073926,0.09231580262158025,0.005637614429193401,119.366055727005,3
0.039382081206393985,0.09222740628269552,0.00984113316109283,119.46636462211609,3
0.03942808769084912,0.08973206280854455,0.013544667541497501,119.56664729118347,3
0.039956342411498064,0.08995807960939364,0.018173910798489824,119.66689658164978,3
0.039555456289755556,0.08786612769276567,0.021835650028838645,119.76719570159912,3
0.03999974524181488,0.08798575647203681,0.02647940949902356,119.86748385429382,3
0.039568613065840585,0.0855378464353954,0.029891649022172777,119.96778082847595,3
